Temperature,Humidity,Soil Moisture,Nitrogen,Phosphorus,Potassium,pH,Rainfall,Soil Type,Season,Location,Crop
21.7,32.0,26.46356087963834,43,61,27,5.6,128.6,Loamy,Rabi,Nagpur,Kidneybeans
30.0,49.8,35.860887676679674,44,46,25,8.0,66.8,Loamy,Rabi,Delhi,Mothbeans
26.4,63.6,56.11458386672157,31,58,18,4.4,65.2,Clay,Kharif,Bangalore,Mothbeans
24.3,62.7,48.818337869192234,38,58,25,5.2,141.5,Red,Zaid,Delhi,Pigeonpeas
17.8,91.0,78.10625992010219,30,21,38,5.6,99.9,Black,Kharif,Mumbai,Pomegranate
22.3,80.2,67.10487140785793,58,39,36,6.0,218.9,Loamy,Kharif,Chennai,Rice
29.6,58.9,49.222019742721955,40,41,24,6.0,63.9,Clay,Rabi,Pune,Mungbean
24.5,70.1,63.11902368809926,12,73,26,6.7,44.5,Black,Kharif,Kolkata,Lentil
25.9,80.8,65.81707942743236,35,120,196,6.0,66.1,Red,Kharif,Kolkata,Grapes
20.9,20.5,10.0,31,53,23,6.2,112.3,Red,Rabi,Nagpur,Kidneybeans
24.1,88.1,78.55235671924173,52,50,40,6.9,124.9,Black,Zaid,Nagpur,Papaya
20.4,86.8,74.53115663143646,41,143,196,5.5,82.0,Clay,Kharif,Bangalore,Grapes
26.5,87.1,72.45443742881591,101,90,49,6.2,93.5,Clay,Zaid,Pune,Banana
27.3,95.6,87.41688207416331,36,21,27,6.4,195.8,Black,Zaid,Bangalore,Coconut
28.8,63.9,55.888524865420806,21,65,12,5.7,49.9,Loamy,Zaid,Pune,Lentil
18.7,29.3,14.768023846784208,22,51,23,5.9,91.8,Clay,Zaid,Hyderabad,Kidneybeans
20.1,60.6,53.80848940465191,15,82,13,5.5,40.3,Loamy,Kharif,Nagpur,Lentil
18.5,70.8,65.36979689715918,30,82,11,6.7,31.9,Loamy,Rabi,Chennai,Lentil
22.0,96.5,90.0,40,27,37,6.5,96.4,Red,Rabi,Chennai,Pomegranate
24.7,96.7,89.27619277231904,107,23,52,6.3,53.1,Red,Zaid,Pune,Watermelon
25.1,96.3,83.65489983249846,117,15,58,5.9,64.8,Loamy,Zaid,Ahmedabad,Watermelon
18.5,64.0,55.42541235855825,89,35,14,5.8,88.9,Clay,Kharif,Delhi,Maize
24.2,89.8,76.73062761222857,49,51,42,6.9,206.8,Black,Kharif,Pune,Papaya
25.2,71.2,63.46020600605303,75,41,13,6.4,85.2,Black,Kharif,Bangalore,Maize
25.6,85.4,75.66561502357771,35,130,191,6.1,60.6,Black,Zaid,Delhi,Grapes
22.4,77.5,68.84864329616154,90,40,48,6.2,148.7,Red,Kharif,Kolkata,Jute
32.1,64.6,55.50523418342024,59,58,18,6.5,63.2,Loamy,Zaid,Ahmedabad,Blackgram
22.2,51.8,38.142530911498724,34,52,84,6.5,32.2,Red,Rabi,Bangalore,Chickpea
25.5,97.7,90.0,23,24,47,6.0,104.9,Clay,Rabi,Nashik,Pomegranate
28.5,66.2,52.582308004366766,44,48,28,7.2,56.2,Red,Rabi,Nashik,Mothbeans
23.9,53.0,42.44684522659763,32,36,14,8.4,66.9,Black,Rabi,Bangalore,Mothbeans
29.1,68.4,60.714548357089356,16,49,21,6.5,56.5,Clay,Zaid,Delhi,Mungbean
27.9,92.2,77.26092297091111,34,23,20,5.3,206.6,Clay,Rabi,Mumbai,Coconut
17.1,97.7,83.27110767598508,33,31,11,7.5,103.3,Loamy,Kharif,Hyderabad,Orange
16.9,22.2,11.660182603974782,18,79,28,5.4,154.8,Black,Rabi,Bangalore,Kidneybeans
17.4,48.3,40.85072434472266,84,62,15,7.2,65.2,Loamy,Kharif,Kolkata,Maize
29.7,68.0,55.01920361436146,22,36,21,7.3,37.0,Clay,Zaid,Nagpur,Mungbean
26.8,58.3,52.089285739453935,38,58,12,7.4,74.9,Black,Kharif,Nagpur,Blackgram
21.2,54.8,39.8092492483467,38,61,82,6.2,52.6,Loamy,Rabi,Ahmedabad,Chickpea
27.6,87.1,75.73615856652891,121,6,54,6.5,21.7,Loamy,Zaid,Nashik,Muskmelon
18.9,60.5,53.511467247029955,11,50,12,7.0,33.1,Loamy,Zaid,Ahmedabad,Lentil
22.2,68.0,56.39675568458241,78,48,35,5.5,141.2,Black,Kharif,Nashik,Jute
28.9,65.5,55.09801561427739,23,59,22,6.9,56.6,Loamy,Zaid,Delhi,Lentil
20.4,65.6,51.60735282818972,33,71,77,5.9,28.7,Clay,Rabi,Chennai,Chickpea
18.5,68.7,61.432545076924285,16,70,72,5.5,45.2,Black,Rabi,Bangalore,Chickpea
30.1,62.1,55.6721408787034,22,54,13,5.0,148.9,Loamy,Zaid,Ahmedabad,Pigeonpeas
26.5,96.2,87.72388330287966,118,28,59,6.2,19.1,Clay,Zaid,Nagpur,Muskmelon
29.6,53.5,45.07031688859662,28,11,33,4.6,86.0,Black,Kharif,Bangalore,Mango
24.2,47.7,39.57790251162339,88,21,31,6.0,177.9,Red,Rabi,Hyderabad,Coffee
10.9,94.2,83.18866328220932,42,16,10,7.3,121.0,Loamy,Zaid,Pune,Orange
5.0,95.9,89.12818631427012,35,144,200,6.3,104.4,Red,Kharif,Delhi,Apple
28.9,66.8,57.60021743191561,56,61,22,7.0,57.3,Black,Rabi,Mumbai,Blackgram
12.2,91.4,81.54771130687642,25,32,19,6.2,95.8,Black,Kharif,Mumbai,Orange
24.6,22.3,10.23489247435004,24,74,14,6.0,86.6,Loamy,Zaid,Nashik,Kidneybeans
24.9,58.7,47.19373777602099,93,37,34,6.5,117.8,Clay,Rabi,Hyderabad,Coffee
29.0,92.7,84.77176304778436,111,26,43,5.7,16.9,Loamy,Zaid,Kolkata,Muskmelon
29.7,61.1,48.818613016008655,34,53,20,6.8,128.9,Red,Zaid,Bangalore,Pigeonpeas
33.0,90.5,81.88619820307065,24,26,15,6.7,119.4,Red,Kharif,Nagpur,Orange
24.3,67.3,55.956730478397425,32,78,15,5.3,126.6,Clay,Zaid,Pune,Pigeonpeas
24.3,95.3,86.55782799515214,104,8,58,6.3,29.3,Clay,Zaid,Hyderabad,Muskmelon
22.9,90.4,79.5573191685972,50,60,47,7.0,140.8,Red,Rabi,Bangalore,Papaya
27.5,72.0,59.03402148309655,36,55,25,7.4,64.5,Black,Zaid,Kolkata,Mungbean
23.2,87.8,81.68781260547337,56,64,38,5.4,156.5,Loamy,Kharif,Bangalore,Jute
25.4,76.1,67.63926569156058,91,33,44,6.5,152.7,Loamy,Kharif,Chennai,Jute
21.2,96.4,86.37713573666502,39,27,16,5.9,113.3,Black,Kharif,Mumbai,Orange
27.2,88.0,79.1676324474208,30,142,208,6.3,65.2,Clay,Rabi,Nagpur,Grapes
24.1,62.1,54.19655453116711,23,55,10,5.9,59.3,Loamy,Rabi,Nagpur,Mothbeans
26.4,91.4,81.60324039116036,88,34,53,6.5,27.9,Loamy,Zaid,Hyderabad,Muskmelon
17.0,96.2,83.52776131897053,38,12,19,6.5,96.2,Red,Rabi,Nagpur,Orange
22.9,82.8,71.16288110497712,56,57,43,5.8,142.9,Red,Kharif,Bangalore,Jute
27.2,84.2,73.87459790829031,98,77,41,5.5,110.1,Red,Kharif,Mumbai,Banana
29.3,70.7,61.958739382441685,35,61,18,6.4,49.2,Black,Rabi,Ahmedabad,Mungbean
26.4,92.0,83.4293579501962,23,30,29,5.5,175.9,Black,Kharif,Chennai,Coconut
23.2,52.7,44.38198243360749,118,42,19,5.9,63.2,Clay,Kharif,Nagpur,Cotton
22.1,69.1,60.25396530064408,120,47,25,7.4,76.0,Loamy,Kharif,Delhi,Cotton
21.0,89.1,78.11901862764174,23,12,16,7.2,95.3,Loamy,Zaid,Chennai,Orange
23.6,65.4,58.03343746339734,103,35,24,6.0,93.9,Loamy,Kharif,Nagpur,Cotton
29.4,77.8,63.62920212213503,39,127,209,6.1,69.7,Loamy,Rabi,Mumbai,Grapes
20.8,82.3,70.01786724567467,84,58,36,7.0,183.1,Red,Kharif,Hyderabad,Rice
29.3,87.7,79.5411888643606,95,28,57,5.6,28.5,Red,Zaid,Pune,Muskmelon
26.0,90.5,82.3648563368897,107,25,45,6.1,44.1,Red,Zaid,Ahmedabad,Watermelon
14.8,88.6,82.61912313193807,33,138,198,5.8,124.0,Loamy,Zaid,Kolkata,Apple
19.6,80.6,66.63538174116802,55,44,30,6.8,193.3,Clay,Kharif,Ahmedabad,Rice
27.9,95.9,85.06583778629357,124,15,57,7.1,43.7,Loamy,Zaid,Bangalore,Watermelon
28.1,71.7,63.58264518896258,24,75,10,5.7,52.5,Red,Rabi,Ahmedabad,Lentil
23.7,51.3,38.35987750793211,112,29,32,6.6,178.7,Black,Zaid,Mumbai,Coffee
23.6,53.5,41.88665441103179,95,25,34,5.9,113.0,Clay,Kharif,Hyderabad,Coffee
11.9,91.4,77.08610041948086,36,7,17,5.9,121.7,Black,Rabi,Chennai,Orange
28.3,91.3,78.49314820331232,28,14,27,6.0,198.5,Clay,Rabi,Hyderabad,Coconut
20.0,86.1,76.03798824551869,38,119,198,6.2,64.0,Clay,Kharif,Hyderabad,Grapes
21.7,71.5,65.98346915832354,136,50,18,6.4,84.8,Red,Kharif,Mumbai,Cotton
29.4,66.3,53.582058973563,16,42,10,4.9,42.5,Clay,Rabi,Bangalore,Mothbeans
24.5,97.9,85.94702377069788,107,16,44,7.1,48.5,Black,Zaid,Hyderabad,Watermelon
29.7,69.5,62.28788815613645,27,49,25,7.7,38.3,Red,Rabi,Bangalore,Mungbean
28.6,88.7,74.1442076835533,36,25,6,6.2,115.5,Red,Zaid,Hyderabad,Orange
28.3,69.9,59.789804608199546,41,83,26,6.8,74.2,Clay,Kharif,Nagpur,Blackgram
26.3,93.8,79.0907734042724,111,17,44,5.9,34.4,Clay,Zaid,Nagpur,Muskmelon
24.3,79.9,67.03484766506364,57,34,49,7.0,146.4,Red,Kharif,Kolkata,Jute
22.0,87.1,75.03748176893221,76,52,32,7.2,177.5,Clay,Kharif,Kolkata,Rice
28.9,52.3,40.77038189814793,34,45,11,7.1,59.0,Red,Rabi,Mumbai,Mothbeans
24.2,51.4,43.00575280329395,81,35,10,6.4,81.9,Black,Kharif,Delhi,Maize
29.9,51.4,38.837431536126466,37,50,10,7.0,92.1,Loamy,Kharif,Pune,Pigeonpeas
29.8,50.1,36.43566162195707,42,54,18,4.5,96.8,Clay,Zaid,Nashik,Pigeonpeas
28.0,94.7,80.67222345341528,118,9,46,6.3,21.9,Clay,Zaid,Hyderabad,Muskmelon
23.7,90.8,76.10784458186077,96,28,52,6.9,64.0,Clay,Zaid,Ahmedabad,Watermelon
27.0,72.2,65.6436253855015,58,67,19,6.8,73.2,Loamy,Kharif,Hyderabad,Blackgram
25.9,91.5,86.36935133360483,63,63,51,6.9,202.9,Red,Rabi,Pune,Papaya
25.3,66.9,61.33402916170729,57,75,20,7.6,65.8,Red,Kharif,Pune,Blackgram
5.0,94.4,83.02104455993285,39,138,196,6.7,111.3,Loamy,Rabi,Bangalore,Apple
15.2,32.8,19.768041323453524,27,76,10,5.6,128.8,Red,Rabi,Nashik,Kidneybeans
20.7,27.7,21.39844428413366,40,69,17,5.6,63.7,Red,Rabi,Pune,Kidneybeans
22.3,97.0,86.51180605007343,42,28,49,6.8,99.5,Clay,Zaid,Chennai,Pomegranate
23.3,68.2,56.39753555714988,82,64,10,5.5,58.8,Red,Kharif,Kolkata,Maize
23.7,70.1,64.75776530509083,73,62,17,5.3,63.8,Clay,Kharif,Nashik,Maize
18.8,57.1,46.924750711669795,91,50,27,6.2,73.3,Red,Kharif,Nagpur,Maize
32.8,64.7,59.6921097285562,49,73,13,7.3,79.8,Black,Kharif,Mumbai,Blackgram
29.2,45.3,31.94120175258866,34,54,29,6.9,71.7,Red,Rabi,Bangalore,Mothbeans
21.2,60.0,51.155916603774976,35,51,12,6.9,91.3,Red,Zaid,Bangalore,Pigeonpeas
27.6,66.1,59.68873072688328,24,56,12,4.8,51.4,Red,Rabi,Nagpur,Mothbeans
27.9,65.7,50.98785275823741,107,16,22,6.5,190.7,Loamy,Zaid,Pune,Coffee
27.9,70.2,59.684448322198236,19,53,11,6.9,48.1,Black,Zaid,Bangalore,Mungbean
22.0,59.9,53.02533169194873,75,31,11,6.7,56.2,Loamy,Kharif,Bangalore,Maize
24.6,58.6,48.60024654514501,117,12,27,6.2,123.1,Black,Kharif,Hyderabad,Coffee
29.2,96.6,82.88337308448533,20,15,20,5.7,192.6,Black,Rabi,Pune,Coconut
19.8,82.6,72.68234502948826,21,12,32,6.8,109.4,Loamy,Rabi,Mumbai,Pomegranate
24.7,64.6,51.93691629699653,87,28,22,6.4,185.2,Black,Kharif,Chennai,Coffee
22.8,61.9,54.19628999607096,137,61,23,5.9,62.6,Clay,Kharif,Mumbai,Cotton
29.6,60.9,54.942328764786566,16,50,18,6.6,64.0,Loamy,Zaid,Kolkata,Mungbean
26.3,68.0,55.48964613245093,57,74,22,7.2,79.1,Loamy,Rabi,Hyderabad,Blackgram
30.1,50.9,45.80373023722053,37,58,16,3.9,42.3,Red,Zaid,Chennai,Mothbeans
27.3,87.7,75.63294026872606,119,30,46,6.0,36.8,Red,Zaid,Kolkata,Watermelon
5.0,89.8,75.65491297206762,37,137,205,6.2,96.5,Black,Zaid,Mumbai,Apple
26.4,58.0,50.366245210740246,114,39,31,6.0,170.7,Black,Rabi,Mumbai,Coffee
22.0,67.9,60.546952907809555,64,36,25,5.4,100.8,Red,Kharif,Kolkata,Maize
21.7,86.4,75.71599561244298,60,46,46,6.9,191.7,Loamy,Kharif,Nagpur,Rice
25.6,49.0,37.55888379108636,87,10,36,7.1,173.6,Red,Zaid,Bangalore,Coffee
16.5,93.6,82.57292150017436,42,6,5,7.2,95.5,Clay,Rabi,Pune,Orange
5.0,87.1,80.81432131490126,31,145,193,5.5,112.4,Black,Kharif,Bangalore,Apple
15.5,21.2,10.0,33,71,18,5.8,98.8,Black,Zaid,Ahmedabad,Kidneybeans
25.8,87.3,80.88722023509506,15,23,32,5.8,163.7,Clay,Zaid,Nashik,Coconut
22.5,61.9,55.05888579579888,40,50,76,5.7,40.2,Loamy,Rabi,Bangalore,Chickpea
25.4,88.2,80.8649360439629,102,12,51,6.5,50.5,Black,Zaid,Nashik,Watermelon
19.8,82.6,75.1166097158252,37,121,197,5.5,65.2,Clay,Zaid,Nashik,Grapes
24.7,66.6,57.15656548852082,21,68,19,6.0,32.6,Black,Kharif,Nagpur,Lentil
5.0,87.4,73.274778294428,32,122,192,6.1,123.6,Clay,Kharif,Chennai,Apple
13.9,92.9,86.63007412775299,20,145,194,6.2,95.7,Red,Zaid,Pune,Apple
27.9,63.5,54.95093514674832,19,75,19,5.1,145.4,Black,Kharif,Ahmedabad,Pigeonpeas
28.0,88.5,83.4887115706257,99,29,51,6.7,24.1,Clay,Zaid,Chennai,Muskmelon
17.9,62.4,55.58647187419345,37,73,29,4.5,100.6,Black,Rabi,Chennai,Pigeonpeas
21.6,49.4,34.660394990565166,59,64,14,7.1,95.4,Red,Kharif,Nagpur,Maize
22.4,67.2,52.76964712377719,107,36,17,6.5,78.9,Red,Kharif,Chennai,Cotton
28.9,52.8,43.446015543704,27,44,25,5.0,40.7,Black,Zaid,Nagpur,Mothbeans
20.8,55.4,43.45710816570529,32,66,75,6.5,50.1,Black,Rabi,Bangalore,Chickpea
25.1,87.8,75.95552371382001,33,11,32,5.9,222.5,Black,Kharif,Chennai,Coconut
26.4,47.8,33.218326101667586,38,27,37,6.0,103.6,Loamy,Zaid,Nashik,Mango
29.1,42.7,28.52499051274833,24,35,29,6.3,103.3,Red,Rabi,Chennai,Mango
29.7,67.5,56.966162564519905,38,57,10,7.3,40.6,Clay,Zaid,Kolkata,Mungbean
25.4,89.7,78.39784978240965,91,12,49,6.7,54.6,Loamy,Zaid,Chennai,Watermelon
25.8,93.5,80.6545100957605,37,33,28,5.3,185.8,Clay,Zaid,Delhi,Coconut
29.4,87.4,81.5785169281138,116,34,45,6.1,19.3,Red,Zaid,Chennai,Muskmelon
20.8,22.3,10.0,20,72,14,5.8,112.2,Loamy,Kharif,Nashik,Kidneybeans
23.6,81.2,71.1116171571357,68,34,48,7.1,172.3,Red,Kharif,Nashik,Jute
25.4,94.8,85.06230386149761,40,41,46,7.2,168.3,Clay,Rabi,Nagpur,Papaya
28.8,58.2,44.2430904372479,35,49,11,6.5,37.5,Red,Kharif,Nashik,Mungbean
28.3,59.5,49.548922310250546,32,34,13,7.1,52.2,Clay,Kharif,Mumbai,Mothbeans
5.0,88.8,74.74605589278448,16,120,207,5.8,108.1,Red,Rabi,Nagpur,Apple
18.8,69.2,58.559216118999274,84,35,13,5.3,82.8,Clay,Kharif,Pune,Maize
28.8,93.9,83.24529724719184,114,18,40,5.5,31.4,Clay,Zaid,Chennai,Muskmelon
24.5,43.5,35.89054962004688,42,52,12,6.9,43.1,Clay,Kharif,Chennai,Mothbeans
25.7,96.7,84.57123419787152,31,9,14,7.4,114.0,Clay,Zaid,Nagpur,Orange
23.4,47.8,35.906906367145,85,36,18,5.4,70.4,Loamy,Kharif,Mumbai,Maize
20.0,80.0,71.0921849235127,71,64,41,7.1,214.0,Black,Kharif,Ahmedabad,Rice
27.3,91.8,86.55411869224586,97,32,41,7.2,63.1,Loamy,Zaid,Nashik,Watermelon
5.0,89.8,83.16431355376622,31,124,204,6.6,104.3,Black,Zaid,Bangalore,Apple
26.0,96.5,89.29458055487042,87,26,48,5.6,24.0,Red,Zaid,Hyderabad,Muskmelon
25.0,94.0,80.7490100275881,19,34,22,5.3,200.6,Red,Zaid,Mumbai,Coconut
28.0,62.7,55.163895750226885,35,63,20,6.8,52.0,Black,Zaid,Delhi,Mungbean
26.5,96.8,84.7692764585965,35,34,31,5.5,207.0,Red,Kharif,Kolkata,Coconut
23.3,80.6,73.59175879765293,32,135,203,5.3,77.6,Black,Rabi,Nashik,Grapes
23.5,95.5,86.0274581564066,59,58,58,6.5,221.3,Black,Zaid,Chennai,Papaya
28.0,96.1,81.7323454169761,113,5,46,6.0,49.9,Black,Zaid,Chennai,Watermelon
31.6,48.5,34.190989032783975,35,38,38,5.6,94.7,Clay,Rabi,Delhi,Mango
27.6,93.3,87.4931019496698,103,30,56,5.8,22.3,Loamy,Zaid,Pune,Muskmelon
33.1,47.4,33.46619225367384,27,27,30,6.1,97.8,Black,Kharif,Nagpur,Mango
18.7,30.8,18.71833491492681,39,54,20,6.1,136.2,Red,Zaid,Delhi,Kidneybeans
25.8,87.3,75.692434724589,116,84,55,5.5,88.5,Clay,Zaid,Hyderabad,Banana
25.3,89.5,76.80810947772902,89,15,46,5.7,30.4,Red,Zaid,Nashik,Muskmelon
9.4,89.4,78.06136751911336,32,120,192,6.4,124.1,Red,Rabi,Nashik,Apple
20.7,83.3,76.53090354721078,58,63,36,6.0,223.4,Black,Kharif,Hyderabad,Rice
24.6,97.9,90.0,42,64,57,6.2,165.7,Black,Kharif,Ahmedabad,Papaya
20.3,82.7,75.8466579919455,15,144,205,5.6,70.2,Clay,Zaid,Mumbai,Grapes
25.4,95.6,84.0693016757467,66,61,54,6.0,121.5,Loamy,Kharif,Bangalore,Papaya
20.5,32.9,22.884588867949354,37,83,19,5.9,73.8,Clay,Kharif,Pune,Kidneybeans
20.3,90.8,79.32960720131507,44,27,31,7.1,112.8,Clay,Kharif,Pune,Pomegranate
28.2,65.3,55.075268737018746,6,63,12,5.9,56.0,Black,Kharif,Kolkata,Lentil
30.5,62.8,54.4661957024374,26,62,29,8.4,49.4,Loamy,Kharif,Nagpur,Mothbeans
28.8,88.5,82.45091645937758,99,14,40,6.0,29.8,Clay,Zaid,Mumbai,Muskmelon
23.4,85.1,78.33763512204457,56,48,39,6.3,199.5,Black,Kharif,Mumbai,Rice
29.1,70.8,64.67168038851416,44,51,27,6.3,59.1,Clay,Zaid,Hyderabad,Mungbean
5.0,87.9,79.66927385520667,19,132,194,5.7,112.2,Clay,Kharif,Ahmedabad,Apple
21.9,43.7,37.58740294786331,42,84,28,5.6,114.4,Red,Rabi,Delhi,Pigeonpeas
5.0,87.2,78.91111424661479,37,136,201,6.6,122.0,Red,Kharif,Bangalore,Apple
27.4,61.7,51.355397775813806,32,30,17,6.0,41.7,Clay,Zaid,Chennai,Mungbean
16.8,33.0,21.93677042631243,34,51,12,6.0,151.5,Clay,Kharif,Kolkata,Kidneybeans
29.6,52.4,40.78016890205152,33,11,35,5.0,86.2,Black,Zaid,Bangalore,Mango
23.5,87.2,79.20821382200297,37,143,193,5.6,58.3,Black,Rabi,Kolkata,Grapes
28.0,96.7,88.63993003955163,96,17,56,5.5,30.8,Loamy,Zaid,Hyderabad,Muskmelon
27.2,57.6,47.5175551573135,64,81,14,7.5,76.9,Black,Rabi,Nashik,Blackgram
28.5,60.4,51.46666518780607,27,50,16,8.6,56.6,Loamy,Kharif,Bangalore,Mothbeans
18.6,58.7,44.3833533371223,21,64,78,5.8,64.6,Black,Rabi,Kolkata,Chickpea
24.4,46.0,36.56670478354363,21,58,14,6.6,53.7,Red,Zaid,Ahmedabad,Mothbeans
21.2,22.2,13.775949667795043,36,82,10,5.4,121.0,Black,Rabi,Pune,Kidneybeans
26.4,87.2,73.91101804096253,111,20,51,6.9,43.5,Loamy,Zaid,Pune,Watermelon
22.7,48.9,35.86363623749419,36,70,70,5.7,28.3,Black,Rabi,Pune,Chickpea
25.9,42.1,30.479547241362482,16,46,29,7.4,29.2,Black,Kharif,Delhi,Mothbeans
22.2,51.1,44.01452567369319,35,81,23,6.8,149.9,Red,Rabi,Chennai,Pigeonpeas
28.0,89.9,83.64248919286271,19,12,30,6.7,148.9,Loamy,Rabi,Nagpur,Coconut
24.7,85.7,76.12621593247815,68,53,45,6.3,176.4,Black,Kharif,Hyderabad,Jute
22.3,58.8,49.92551747346452,124,42,19,6.1,58.2,Loamy,Kharif,Nagpur,Cotton
28.1,62.1,47.3046861993568,42,57,28,6.6,64.5,Red,Zaid,Nashik,Mungbean
22.9,25.6,13.449008877994885,19,76,17,6.1,55.6,Black,Rabi,Pune,Kidneybeans
21.6,71.0,62.20588475540244,122,57,23,6.8,91.1,Black,Kharif,Bangalore,Cotton
24.1,52.5,42.81338236110355,82,53,12,6.7,88.4,Clay,Kharif,Delhi,Maize
25.3,81.1,71.27109504043723,35,137,195,6.6,61.6,Red,Kharif,Chennai,Grapes
24.5,92.2,83.74037487480521,56,43,58,6.3,143.0,Red,Zaid,Mumbai,Papaya
33.3,67.9,54.17205473950865,43,84,12,6.5,59.1,Loamy,Rabi,Chennai,Blackgram
18.6,49.8,39.71695034202861,25,68,73,5.4,61.1,Red,Rabi,Delhi,Chickpea
27.0,88.4,77.15473311035488,35,8,29,5.7,175.9,Red,Zaid,Kolkata,Coconut
27.3,59.7,47.754938240690976,36,38,24,6.6,58.3,Loamy,Zaid,Bangalore,Mungbean
24.3,93.8,83.75000191511849,51,61,43,6.2,159.9,Black,Zaid,Kolkata,Papaya
25.1,63.3,52.42318800095932,96,44,28,7.2,65.9,Loamy,Kharif,Ahmedabad,Cotton
24.8,90.8,81.12027402448692,37,22,38,6.4,147.3,Red,Rabi,Ahmedabad,Coconut
18.6,51.1,43.44181618920246,31,69,28,5.6,89.5,Black,Kharif,Hyderabad,Pigeonpeas
22.9,80.0,72.8964196156033,26,130,191,5.4,62.6,Clay,Rabi,Nagpur,Grapes
26.7,69.8,57.897977511219075,60,34,36,6.9,145.6,Red,Kharif,Mumbai,Jute
23.1,88.9,75.9174991358701,63,49,57,6.9,177.4,Loamy,Zaid,Nagpur,Papaya
26.1,59.8,51.08521047926154,86,38,29,5.4,65.8,Red,Kharif,Delhi,Maize
22.9,70.7,56.41334453358615,76,64,48,5.6,160.1,Black,Kharif,Kolkata,Jute
25.1,64.2,51.02725303800252,139,48,18,7.0,58.7,Loamy,Kharif,Delhi,Cotton
20.9,81.1,66.66275200827428,73,41,44,5.8,220.8,Black,Kharif,Kolkata,Rice
27.3,49.4,39.14654103317527,27,40,22,5.2,28.2,Loamy,Zaid,Delhi,Mothbeans
23.1,70.4,63.01840173097664,56,63,23,6.9,78.2,Clay,Kharif,Bangalore,Maize
25.4,93.5,81.44108463269686,93,21,54,6.7,43.1,Red,Zaid,Nagpur,Watermelon
26.9,67.4,58.785804641072225,31,56,16,5.9,50.2,Clay,Zaid,Pune,Mungbean
26.2,88.1,77.53672054156621,114,34,53,5.9,47.8,Black,Zaid,Ahmedabad,Watermelon
22.4,88.0,80.56564178442004,38,26,38,6.4,119.5,Red,Rabi,Hyderabad,Pomegranate
29.7,51.2,37.76385117245364,28,69,23,7.5,108.6,Loamy,Kharif,Mumbai,Pigeonpeas
27.2,69.6,55.0083127791953,15,69,26,6.2,42.6,Red,Kharif,Chennai,Lentil
25.7,66.6,61.17022037898315,100,33,23,6.4,147.9,Loamy,Kharif,Nashik,Coffee
19.5,20.5,12.93550508093504,33,56,10,6.1,90.9,Black,Zaid,Nagpur,Kidneybeans
17.8,97.1,86.33465222822097,15,24,17,6.7,107.4,Black,Kharif,Bangalore,Orange
27.8,89.8,77.86135134990825,50,45,44,5.8,135.2,Red,Rabi,Mumbai,Papaya
30.5,68.8,59.030143208764315,24,59,25,6.8,53.8,Red,Rabi,Nashik,Mungbean
10.5,91.9,81.57142241344071,16,148,207,6.5,114.1,Loamy,Rabi,Delhi,Apple
19.1,87.9,80.24740676360412,33,12,14,6.9,132.2,Clay,Zaid,Kolkata,Orange
26.3,94.4,88.14648461420659,57,63,59,6.5,163.7,Black,Rabi,Nagpur,Papaya
23.3,91.5,78.53556977814142,88,34,58,6.9,55.6,Red,Zaid,Pune,Watermelon
24.8,88.0,74.84986593908575,32,17,48,5.9,116.9,Black,Kharif,Bangalore,Pomegranate
20.2,69.8,59.82263241867297,21,78,22,6.6,52.2,Clay,Zaid,Delhi,Lentil
21.0,97.7,88.25506060507506,36,10,10,6.0,125.7,Red,Kharif,Chennai,Orange
25.6,91.1,83.50416302621225,41,40,57,7.0,182.3,Loamy,Zaid,Hyderabad,Papaya
28.0,85.8,71.92554377336731,81,38,39,6.6,203.9,Black,Kharif,Kolkata,Rice
27.3,96.5,90.0,58,65,52,6.9,161.2,Clay,Kharif,Kolkata,Papaya
23.0,93.7,87.85815705055458,33,23,43,5.4,100.1,Black,Rabi,Nagpur,Pomegranate
26.8,51.0,38.22402703323816,26,42,36,6.4,99.1,Red,Zaid,Delhi,Mango
25.7,24.9,18.500557003856756,23,59,25,5.4,89.0,Clay,Zaid,Pune,Kidneybeans
29.9,71.0,61.49188994143434,34,43,25,7.4,44.1,Black,Rabi,Chennai,Mungbean
32.3,57.7,50.07719637685397,42,15,24,4.7,95.5,Loamy,Zaid,Kolkata,Mango
30.3,51.7,39.79393798927481,17,19,33,4.3,99.0,Clay,Kharif,Kolkata,Mango
5.0,88.9,80.14857010379183,27,138,190,6.4,124.9,Red,Zaid,Nagpur,Apple
5.0,97.7,88.90487316816771,39,121,194,6.5,119.6,Red,Zaid,Pune,Apple
24.3,78.9,71.07034919385471,106,86,56,6.4,105.2,Loamy,Rabi,Pune,Banana
27.4,87.4,75.02628147711846,36,12,36,6.7,186.2,Red,Kharif,Chennai,Coconut
18.4,50.4,41.399462972582356,44,72,20,6.9,94.1,Loamy,Zaid,Ahmedabad,Pigeonpeas
23.3,67.6,57.76740090568148,68,34,48,5.8,149.9,Clay,Kharif,Hyderabad,Jute
25.0,89.0,81.15842406659587,117,11,42,6.6,57.6,Black,Zaid,Pune,Watermelon
21.4,32.2,17.252099827241743,25,78,23,5.3,140.8,Loamy,Zaid,Hyderabad,Kidneybeans
25.8,86.6,71.94570493878102,16,138,207,6.6,69.8,Red,Kharif,Hyderabad,Grapes
25.4,92.7,83.34254769685856,38,14,24,6.5,197.8,Clay,Zaid,Hyderabad,Coconut
27.1,94.0,85.98710328890391,95,31,51,5.8,21.7,Clay,Zaid,Nagpur,Muskmelon
28.5,96.3,83.4693918982178,34,21,26,5.6,152.6,Red,Zaid,Chennai,Coconut
29.5,52.4,40.23840282100321,38,39,33,5.1,86.2,Red,Rabi,Chennai,Mango
15.5,89.0,76.79766854184567,25,141,193,6.4,96.8,Black,Kharif,Pune,Apple
25.8,64.0,56.92861711632098,38,66,23,7.0,68.2,Red,Rabi,Nagpur,Blackgram
29.1,67.2,59.11409675127106,21,39,28,6.6,31.1,Clay,Rabi,Pune,Mungbean
23.0,62.3,53.51557432570209,95,57,18,6.7,71.1,Loamy,Kharif,Chennai,Cotton
23.5,66.3,60.297992133871524,6,70,25,6.6,34.0,Loamy,Zaid,Delhi,Lentil
26.2,87.7,73.73606168976447,25,20,34,6.3,216.2,Red,Kharif,Mumbai,Coconut
22.3,91.5,86.48718083860298,41,19,7,6.8,107.8,Red,Kharif,Bangalore,Orange
25.9,26.8,16.142490606777507,39,68,20,5.9,85.5,Red,Kharif,Hyderabad,Kidneybeans
27.8,53.5,41.74337959363128,33,23,26,4.4,86.5,Loamy,Rabi,Nashik,Mango
27.5,94.0,79.0030746252449,65,52,49,7.2,221.0,Black,Rabi,Nashik,Papaya
19.4,88.0,79.05575660347637,87,63,30,6.1,212.1,Black,Kharif,Chennai,Rice
22.6,43.7,32.61882482323104,18,83,28,7.4,106.7,Loamy,Zaid,Bangalore,Pigeonpeas
30.8,62.8,56.06356510033057,22,45,20,7.1,49.3,Clay,Rabi,Pune,Mungbean
29.9,57.4,46.622098854117866,21,31,17,5.8,42.5,Loamy,Rabi,Kolkata,Mungbean
27.9,90.1,81.99332772509726,16,34,23,6.3,170.4,Loamy,Zaid,Hyderabad,Coconut
29.2,49.3,43.74016959020901,24,56,25,4.9,27.5,Loamy,Rabi,Delhi,Mothbeans
20.6,82.8,74.95263999236685,21,30,42,6.5,98.2,Clay,Kharif,Nagpur,Pomegranate
34.8,57.3,44.314169162737485,17,24,22,5.0,83.2,Clay,Rabi,Pune,Mango
31.6,54.2,47.56384013567799,32,20,27,6.7,98.4,Black,Kharif,Mumbai,Mango
24.5,94.2,88.38921832373386,102,32,43,5.4,22.7,Loamy,Zaid,Hyderabad,Muskmelon
26.9,75.0,66.79904859379663,109,81,45,5.7,91.4,Black,Zaid,Pune,Banana
11.3,94.5,84.18826198038855,21,21,12,7.2,104.4,Clay,Rabi,Kolkata,Orange
27.9,96.5,82.35571614560534,65,64,45,6.6,160.1,Clay,Kharif,Hyderabad,Papaya
22.1,80.1,73.48299467272575,88,37,39,6.1,152.3,Red,Kharif,Chennai,Jute
29.9,80.0,74.441898493147,37,140,194,6.3,78.3,Clay,Kharif,Mumbai,Grapes
27.2,88.3,73.42163687308637,18,28,10,7.4,122.5,Black,Zaid,Kolkata,Orange
28.1,73.6,62.83743947424492,113,86,41,5.5,115.0,Red,Rabi,Hyderabad,Banana
23.2,87.7,82.54296563775912,54,57,58,6.9,161.6,Loamy,Zaid,Chennai,Papaya
19.6,55.2,44.687241888106755,43,53,27,5.2,140.4,Red,Zaid,Bangalore,Pigeonpeas
27.0,86.0,78.87932793626776,94,30,44,6.1,166.5,Black,Kharif,Nashik,Jute
27.1,71.6,56.92630881827222,40,51,15,7.0,61.7,Red,Zaid,Nagpur,Blackgram
21.2,63.3,53.629567506403916,130,46,24,6.3,71.1,Clay,Kharif,Ahmedabad,Cotton
33.0,72.9,61.87195560298172,41,79,22,7.3,76.6,Loamy,Zaid,Mumbai,Blackgram
20.6,80.1,69.6949099357919,65,47,36,6.2,222.1,Loamy,Kharif,Pune,Rice
24.8,85.3,77.73156278875749,93,64,36,6.8,180.5,Clay,Kharif,Pune,Jute
27.3,77.1,67.85698141019672,108,81,46,5.3,89.1,Black,Rabi,Mumbai,Banana
31.0,63.3,56.45414089726393,38,82,29,7.6,74.6,Red,Kharif,Pune,Blackgram
26.9,95.2,80.74387638842421,41,34,25,6.3,156.6,Loamy,Kharif,Pune,Coconut
31.7,45.1,36.30498250070459,15,16,20,6.0,80.6,Clay,Kharif,Nagpur,Mango
27.8,61.2,52.72578820964523,85,35,30,5.9,136.0,Red,Kharif,Nashik,Coffee
27.0,63.4,56.0169866655427,12,50,20,7.1,41.7,Black,Kharif,Bangalore,Lentil
26.3,88.1,76.42774580735261,56,67,54,6.8,122.6,Clay,Kharif,Nagpur,Papaya
24.6,72.3,65.60382755321905,123,25,37,6.3,110.4,Red,Zaid,Chennai,Coffee
25.7,77.8,67.07556744180604,59,48,42,6.1,140.3,Clay,Kharif,Pune,Jute
20.6,28.5,20.59271428405389,17,82,22,6.0,84.9,Loamy,Rabi,Ahmedabad,Kidneybeans
23.2,83.1,73.41133558381816,60,63,45,6.9,203.1,Loamy,Kharif,Nashik,Rice
21.6,48.8,43.58909759431124,120,44,26,6.1,55.2,Loamy,Kharif,Chennai,Cotton
25.0,53.0,40.25183225911375,112,31,25,6.1,159.4,Red,Zaid,Mumbai,Coffee
30.5,50.6,36.64058386189604,37,64,15,3.9,64.3,Black,Zaid,Pune,Mothbeans
22.3,62.7,52.056204477160215,97,15,39,6.0,111.3,Loamy,Kharif,Ahmedabad,Coffee
33.8,65.2,52.97956284564758,39,67,10,7.4,65.5,Red,Rabi,Chennai,Blackgram
16.6,65.3,57.32925937544991,19,80,71,5.7,61.4,Red,Rabi,Chennai,Chickpea
24.2,90.5,82.76399505135446,120,10,55,6.3,21.7,Black,Zaid,Bangalore,Muskmelon
19.8,49.5,36.401581770673516,43,51,87,6.4,28.5,Clay,Rabi,Nagpur,Chickpea
25.7,64.4,55.42538963698017,51,62,20,6.7,68.1,Loamy,Zaid,Mumbai,Blackgram
19.8,52.9,47.41537450854888,61,55,15,6.1,62.2,Black,Kharif,Hyderabad,Maize
25.5,59.1,50.58451622674811,21,45,11,5.6,61.9,Black,Zaid,Pune,Mothbeans
25.2,87.2,76.46483954213774,45,64,55,6.1,206.6,Black,Rabi,Hyderabad,Papaya
25.3,97.9,84.63591574023049,116,5,43,5.5,17.7,Clay,Zaid,Chennai,Muskmelon
26.7,97.1,86.76021239090086,89,30,56,5.4,31.1,Red,Zaid,Pune,Muskmelon
29.3,54.8,48.87880859390774,24,73,26,5.0,154.1,Clay,Zaid,Pune,Pigeonpeas
27.9,92.6,83.99961922892355,91,23,45,6.3,53.6,Red,Zaid,Kolkata,Watermelon
24.8,26.7,15.042195827086601,38,64,15,6.1,142.0,Red,Zaid,Delhi,Kidneybeans
30.7,43.8,36.70875960533344,27,31,35,6.7,99.3,Red,Rabi,Nagpur,Mango
15.5,28.0,16.442037628780025,32,69,29,5.5,142.0,Clay,Rabi,Kolkata,Kidneybeans
5.0,92.3,80.7087491669884,20,122,192,5.5,107.5,Red,Rabi,Pune,Apple
24.9,87.4,74.08231627706824,25,22,28,6.7,203.8,Clay,Rabi,Bangalore,Coconut
22.8,67.8,62.63685541120046,36,72,26,7.0,140.0,Loamy,Kharif,Chennai,Pigeonpeas
27.1,94.1,79.93389254457058,87,6,51,5.6,33.4,Red,Zaid,Nagpur,Muskmelon
23.0,57.0,44.486766325154555,33,84,12,5.3,40.6,Black,Zaid,Nagpur,Lentil
25.5,84.4,78.4879232770231,114,82,42,5.4,108.5,Clay,Zaid,Pune,Banana
27.4,48.9,40.29287759006403,124,36,34,6.8,156.9,Red,Rabi,Chennai,Coffee
22.5,81.0,69.33550672777831,74,37,36,5.8,154.2,Loamy,Kharif,Ahmedabad,Jute
16.1,56.0,45.812879616611355,35,69,75,5.8,58.2,Loamy,Rabi,Pune,Chickpea
23.8,57.1,47.176127954787496,110,51,23,7.4,60.4,Red,Kharif,Delhi,Cotton
29.7,73.5,65.2380939178741,91,70,46,6.5,116.9,Red,Rabi,Pune,Banana
25.0,22.2,11.441177009070643,36,77,15,6.1,75.1,Clay,Kharif,Chennai,Kidneybeans
24.3,93.5,82.6584171212368,108,18,48,5.5,21.1,Loamy,Zaid,Nagpur,Muskmelon
24.3,80.1,71.55400575934499,74,36,31,7.0,207.3,Clay,Kharif,Delhi,Rice
16.1,66.4,61.10390980101495,44,50,89,5.9,53.6,Black,Rabi,Kolkata,Chickpea
22.6,71.6,60.83387071716531,79,40,38,6.9,140.8,Loamy,Kharif,Delhi,Jute
25.7,82.9,73.40483695377635,68,37,49,5.3,138.8,Black,Kharif,Kolkata,Jute
25.9,94.6,83.48921323826403,18,16,25,5.6,156.5,Red,Kharif,Bangalore,Coconut
27.0,91.6,80.09430602198476,39,33,22,5.4,149.5,Loamy,Rabi,Bangalore,Coconut
20.6,96.7,83.61173231045953,42,27,12,6.8,96.1,Clay,Zaid,Nashik,Orange
23.2,95.6,88.38974469768976,48,68,50,6.8,192.0,Red,Kharif,Ahmedabad,Papaya
26.1,87.4,78.39586587684646,69,50,55,7.2,173.9,Loamy,Rabi,Hyderabad,Papaya
29.9,63.9,51.20265948221666,15,72,24,6.8,53.0,Clay,Kharif,Nashik,Lentil
24.6,86.3,76.05736761252659,31,148,197,5.6,79.8,Red,Zaid,Pune,Grapes
28.4,46.0,38.85784986333089,30,16,22,5.1,89.9,Red,Zaid,Bangalore,Mango
27.8,57.8,49.90577199333401,88,14,23,5.9,164.5,Clay,Kharif,Nashik,Coffee
24.3,62.8,57.59545327968869,10,72,15,6.6,42.7,Loamy,Kharif,Mumbai,Lentil
24.1,87.9,75.19195894377927,51,47,50,5.9,129.6,Red,Rabi,Chennai,Papaya
27.0,81.9,69.27601069408306,21,121,198,6.3,75.1,Loamy,Kharif,Nagpur,Grapes
31.0,59.0,44.77790864294708,32,48,26,5.9,53.0,Red,Zaid,Nashik,Mothbeans
26.8,90.0,80.05849306829506,64,54,41,5.9,146.8,Clay,Rabi,Pune,Papaya
28.3,67.9,62.21854695052057,44,40,18,6.4,50.6,Black,Zaid,Pune,Mungbean
31.9,72.5,61.56058876050193,46,72,21,6.3,65.2,Loamy,Rabi,Nagpur,Blackgram
26.3,68.9,55.229681552067845,67,36,32,5.3,166.3,Loamy,Kharif,Ahmedabad,Jute
30.2,62.6,50.770752254188196,53,76,12,7.2,72.8,Clay,Kharif,Chennai,Blackgram
24.7,71.9,61.29744731786492,56,30,40,6.1,136.1,Black,Kharif,Nashik,Jute
27.0,90.1,82.09133466708067,120,32,43,6.4,54.2,Red,Zaid,Delhi,Watermelon
22.9,61.0,53.46410435959641,19,60,80,5.9,46.8,Clay,Rabi,Kolkata,Chickpea
25.0,78.4,71.23411264711586,76,42,38,5.6,144.1,Black,Kharif,Delhi,Jute
25.9,92.1,86.34210708720559,124,34,58,7.2,54.9,Black,Zaid,Chennai,Watermelon
22.2,84.2,78.65507575886124,90,54,36,7.1,197.2,Red,Kharif,Chennai,Rice
23.2,72.6,66.88944529137072,74,52,36,7.0,170.9,Loamy,Kharif,Nashik,Jute
17.7,57.0,46.65592737301262,24,51,85,6.3,35.1,Black,Rabi,Chennai,Chickpea
24.4,97.0,85.89034204447147,104,15,55,6.6,22.3,Clay,Zaid,Nashik,Muskmelon
25.0,53.4,42.20496751319681,93,39,26,6.1,142.7,Loamy,Rabi,Kolkata,Coffee
25.1,94.4,87.70538272048798,69,58,57,5.9,199.5,Loamy,Rabi,Mumbai,Papaya
22.1,79.6,68.85738243244467,19,123,200,5.5,66.2,Loamy,Kharif,Mumbai,Grapes
21.7,85.3,78.19066463610964,79,49,39,6.1,209.1,Clay,Kharif,Ahmedabad,Rice
25.7,70.0,57.157675664453436,32,59,25,5.7,53.0,Black,Rabi,Bangalore,Lentil
21.5,55.6,41.117389254137265,16,81,83,6.5,55.3,Red,Rabi,Ahmedabad,Chickpea
30.4,69.7,54.98266232528559,34,36,26,6.7,53.9,Loamy,Kharif,Nagpur,Mungbean
24.1,92.4,82.5618787032089,52,68,41,6.3,131.1,Clay,Rabi,Delhi,Papaya
28.8,81.4,71.30427717513716,85,75,40,6.0,124.8,Clay,Zaid,Hyderabad,Banana
27.2,46.4,40.49036530896828,38,39,29,4.8,88.5,Clay,Zaid,Ahmedabad,Mango
22.1,67.2,61.72342573798759,33,66,82,6.6,58.3,Red,Rabi,Chennai,Chickpea
30.5,89.0,76.8874626681621,24,26,14,6.4,107.9,Red,Zaid,Bangalore,Orange
20.2,92.2,83.34376105639703,39,33,45,5.6,119.6,Red,Rabi,Bangalore,Pomegranate
19.1,29.1,20.749449039517064,44,80,11,5.7,73.8,Loamy,Zaid,Ahmedabad,Kidneybeans
30.2,59.6,51.6307943385024,49,67,16,6.7,72.7,Black,Kharif,Pune,Blackgram
6.7,91.7,81.88114886263273,40,120,193,6.4,99.3,Red,Rabi,Chennai,Apple
27.1,96.7,90.0,33,27,37,5.9,199.5,Clay,Rabi,Chennai,Coconut
20.2,59.2,50.20001470660794,11,72,20,6.8,57.1,Loamy,Kharif,Nagpur,Lentil
27.5,60.6,49.83695111694617,64,49,17,7.2,95.9,Black,Kharif,Mumbai,Maize
28.6,54.9,44.284859378208296,34,76,18,5.3,105.3,Red,Kharif,Ahmedabad,Pigeonpeas
29.7,44.3,37.03731251523534,38,11,37,5.9,109.7,Clay,Rabi,Ahmedabad,Mango
29.2,43.5,31.35758030992438,27,60,23,4.3,62.1,Clay,Zaid,Chennai,Mothbeans
20.9,90.0,75.52682543182596,27,14,37,6.2,112.1,Loamy,Zaid,Nashik,Pomegranate
27.8,63.4,56.165749024039826,63,34,15,5.6,102.8,Loamy,Kharif,Bangalore,Maize
27.3,46.1,40.951889634269264,21,11,25,4.5,107.8,Loamy,Rabi,Delhi,Mango
25.2,93.8,84.34069782174286,57,61,58,5.9,137.9,Red,Kharif,Nagpur,Papaya
21.5,68.9,58.457433229233175,20,53,15,6.0,45.6,Red,Zaid,Bangalore,Lentil
27.8,51.5,38.87341578333865,32,60,29,6.9,57.8,Loamy,Zaid,Bangalore,Mothbeans
27.3,52.0,45.27176981074555,94,20,30,6.9,178.2,Loamy,Rabi,Ahmedabad,Coffee
21.4,67.0,55.315752615218,40,52,78,6.0,64.3,Red,Rabi,Nagpur,Chickpea
29.9,62.5,52.568315342457666,15,84,19,5.4,42.4,Clay,Kharif,Nashik,Lentil
5.0,93.2,85.77605659406758,37,126,198,5.4,105.2,Red,Zaid,Kolkata,Apple
17.3,92.0,78.76076671910934,36,32,45,6.2,105.3,Black,Rabi,Mumbai,Pomegranate
25.8,68.7,59.89960875989248,42,76,10,6.6,71.6,Clay,Rabi,Ahmedabad,Blackgram
24.3,84.3,72.83790796725273,82,39,47,6.8,193.1,Red,Kharif,Delhi,Rice
17.1,71.7,64.05364422536425,31,70,29,6.8,50.2,Loamy,Zaid,Nashik,Lentil
29.9,97.8,90.0,20,11,11,6.0,97.4,Black,Kharif,Ahmedabad,Orange
21.3,72.0,65.91752569037574,36,79,75,6.6,61.5,Clay,Rabi,Pune,Chickpea
25.4,89.9,80.49344032139072,25,25,26,5.4,193.9,Clay,Zaid,Bangalore,Coconut
27.3,97.8,82.8535181122523,37,16,37,5.6,199.6,Black,Rabi,Chennai,Coconut
26.0,59.4,46.70355469437281,38,53,17,7.0,75.0,Loamy,Zaid,Pune,Blackgram
34.6,56.2,42.72046267704783,43,34,22,4.7,105.8,Clay,Rabi,Delhi,Mango
27.5,62.3,49.886148285343396,63,63,22,7.4,59.8,Red,Zaid,Delhi,Blackgram
31.0,68.7,63.15669425411505,58,70,12,6.8,64.3,Black,Zaid,Bangalore,Blackgram
27.0,75.9,64.29950101365927,61,46,37,6.7,135.1,Loamy,Kharif,Nashik,Jute
29.7,88.0,73.78354630036526,87,96,40,6.6,85.0,Loamy,Rabi,Hyderabad,Banana
23.6,98.0,86.76515293370389,51,64,48,6.7,198.8,Red,Kharif,Ahmedabad,Papaya
24.4,86.2,71.9169313986498,87,96,52,6.6,101.3,Clay,Kharif,Mumbai,Banana
5.0,90.3,80.38100788124962,37,138,203,6.5,103.8,Red,Rabi,Bangalore,Apple
23.0,32.3,23.037299784801785,16,80,22,5.6,127.2,Loamy,Zaid,Nagpur,Kidneybeans
15.0,28.5,22.18644994597816,44,63,24,6.2,135.6,Black,Zaid,Mumbai,Kidneybeans
21.6,52.0,37.53941683446183,66,48,12,5.6,89.2,Red,Kharif,Kolkata,Maize
25.6,56.1,44.20728113095198,21,81,25,4.6,129.2,Black,Zaid,Hyderabad,Pigeonpeas
17.7,42.0,28.24399216146302,25,82,14,6.9,152.2,Black,Rabi,Mumbai,Pigeonpeas
27.0,59.4,52.875324228487216,61,58,14,7.0,59.4,Red,Zaid,Delhi,Blackgram
26.0,72.5,63.23352685167238,83,45,39,6.1,168.6,Clay,Kharif,Chennai,Jute
23.6,90.5,81.2368395717672,101,29,44,6.9,61.2,Loamy,Zaid,Bangalore,Watermelon
27.0,57.3,44.35741947936331,64,33,13,7.2,72.4,Red,Kharif,Nagpur,Maize
25.7,94.9,81.84764274364748,102,9,52,7.2,57.6,Red,Zaid,Nagpur,Watermelon
25.8,97.2,89.7170906502019,101,29,52,6.8,54.3,Clay,Zaid,Hyderabad,Watermelon
23.7,62.4,53.79023964084632,67,63,19,6.3,67.4,Red,Kharif,Delhi,Maize
5.0,95.7,80.98967235250419,30,128,196,6.6,109.1,Loamy,Rabi,Nagpur,Apple
22.9,90.9,82.94695032075333,59,54,49,6.3,214.2,Red,Zaid,Nashik,Papaya
10.1,97.0,89.57508329877312,21,143,201,5.7,104.6,Clay,Zaid,Chennai,Apple
19.8,92.5,84.7399677882794,43,22,38,5.6,111.2,Red,Rabi,Nagpur,Pomegranate
22.2,47.1,39.00114370381033,43,69,71,5.7,56.0,Red,Rabi,Hyderabad,Chickpea
26.7,57.1,47.58332897230045,42,40,12,7.1,49.9,Black,Zaid,Kolkata,Mungbean
24.3,94.0,80.32873227421082,111,26,56,7.0,38.5,Clay,Zaid,Bangalore,Watermelon
29.8,77.0,68.59109099183536,44,131,200,6.3,65.2,Clay,Kharif,Mumbai,Grapes
33.8,62.1,50.762517548523334,39,53,13,6.9,68.7,Loamy,Zaid,Bangalore,Blackgram
5.0,97.7,90.0,21,115,194,6.0,105.6,Loamy,Zaid,Ahmedabad,Apple
21.9,66.4,60.12527400359814,25,67,71,6.2,49.9,Loamy,Rabi,Pune,Chickpea
24.2,62.9,54.84313594970914,43,62,13,4.2,29.6,Loamy,Rabi,Delhi,Mothbeans
20.8,90.0,81.52740639545077,41,26,30,7.1,98.6,Black,Rabi,Bangalore,Pomegranate
25.2,78.9,67.88522286823607,27,144,190,6.7,71.0,Black,Rabi,Delhi,Grapes
28.0,95.6,84.64099483179871,25,20,26,6.3,199.0,Loamy,Zaid,Pune,Coconut
22.8,93.2,82.55166823057866,68,50,49,6.4,211.2,Loamy,Kharif,Bangalore,Papaya
25.0,59.0,52.97245222356335,108,57,19,7.6,75.5,Black,Kharif,Nagpur,Cotton
28.3,59.6,45.49969663859177,41,56,19,4.7,65.2,Black,Kharif,Bangalore,Mothbeans
17.5,25.8,12.039442568417348,39,71,20,5.7,60.6,Red,Kharif,Chennai,Kidneybeans
17.2,96.2,81.59425806984424,36,11,39,6.9,99.9,Black,Kharif,Nagpur,Pomegranate
20.7,48.8,34.119963961496865,31,68,12,6.1,126.2,Black,Zaid,Pune,Pigeonpeas
28.0,57.3,51.35979984875729,14,69,24,6.8,38.0,Red,Zaid,Delhi,Lentil
21.0,95.3,87.60101474128942,36,7,34,6.9,105.2,Black,Zaid,Ahmedabad,Pomegranate
19.8,17.8,11.929939666627508,15,81,24,5.5,105.1,Red,Rabi,Bangalore,Kidneybeans
25.0,78.1,72.73726757691509,117,60,42,5.8,86.9,Clay,Rabi,Kolkata,Banana
28.4,70.9,56.84933828833313,37,61,10,6.8,50.4,Loamy,Kharif,Chennai,Mungbean
22.6,81.3,67.0997332767181,92,55,42,6.8,163.2,Red,Kharif,Chennai,Jute
26.0,63.7,54.20489423878286,120,10,31,6.3,114.9,Black,Rabi,Mumbai,Coffee
26.0,96.1,86.34694030439627,111,31,45,5.8,33.5,Black,Zaid,Delhi,Muskmelon
20.6,52.8,42.75774752943125,38,66,80,5.6,55.5,Red,Rabi,Hyderabad,Chickpea
22.8,84.3,79.06632138185563,35,23,47,5.6,115.2,Black,Zaid,Nagpur,Pomegranate
30.9,45.1,37.97390167619219,30,10,29,6.4,90.9,Black,Rabi,Bangalore,Mango
26.1,90.5,78.04290532089206,110,33,40,6.3,30.4,Black,Zaid,Ahmedabad,Muskmelon
25.9,65.8,54.40294614955202,20,63,22,5.2,48.7,Red,Rabi,Mumbai,Mothbeans
25.3,69.2,54.563657088812135,111,22,21,6.0,157.7,Clay,Zaid,Kolkata,Coffee
23.2,90.2,80.67624608995752,42,49,47,6.9,215.0,Black,Kharif,Bangalore,Papaya
23.6,51.7,39.908253505317795,27,46,20,7.1,45.0,Black,Rabi,Kolkata,Mothbeans
26.5,48.8,34.397625333593915,16,43,39,6.5,106.7,Red,Zaid,Bangalore,Mango
23.7,91.5,79.58281023459375,21,11,35,5.7,105.9,Black,Zaid,Kolkata,Pomegranate
16.4,31.2,26.186798126070983,16,53,23,5.3,149.4,Red,Rabi,Pune,Kidneybeans
26.3,94.6,86.63960999364329,103,21,56,6.9,36.1,Loamy,Zaid,Delhi,Watermelon
30.7,66.5,57.41284316713329,58,55,26,6.8,66.4,Black,Kharif,Kolkata,Blackgram
21.9,78.2,68.46769704262506,27,122,204,5.6,73.6,Black,Zaid,Nagpur,Grapes
24.1,64.1,58.057440769043176,11,64,25,5.8,54.8,Black,Kharif,Ahmedabad,Lentil
23.5,70.2,61.7563260469516,62,64,42,6.3,176.8,Black,Kharif,Nagpur,Jute
16.1,24.0,10.810389494514823,32,75,23,6.2,100.6,Loamy,Kharif,Bangalore,Kidneybeans
26.2,97.5,90.0,30,28,27,5.5,147.2,Black,Kharif,Nagpur,Coconut
25.7,87.7,82.39961545387368,26,134,208,5.6,62.0,Clay,Zaid,Mumbai,Grapes
33.7,51.6,38.698782970820716,19,37,23,6.1,85.0,Red,Rabi,Pune,Mango
28.8,76.9,67.6958769375899,108,87,46,6.2,103.8,Clay,Rabi,Nashik,Banana
28.3,73.7,67.34865654365693,106,72,54,5.7,111.0,Loamy,Kharif,Pune,Banana
21.4,85.6,70.77510837720418,15,130,192,6.5,58.8,Red,Rabi,Hyderabad,Grapes
28.5,60.7,47.37208474923209,34,53,13,6.9,54.1,Loamy,Zaid,Nashik,Mungbean
25.6,73.5,59.97047113759534,87,86,50,5.7,98.2,Clay,Zaid,Kolkata,Banana
31.4,91.6,85.02871195995881,16,13,11,6.1,123.3,Clay,Rabi,Nagpur,Orange
30.7,60.6,49.88708974055985,39,51,20,8.1,48.8,Clay,Kharif,Bangalore,Mothbeans
26.1,78.6,68.4113027492702,38,124,195,6.2,55.4,Loamy,Zaid,Nagpur,Grapes
27.4,88.7,77.95331467945257,95,6,44,6.7,54.9,Red,Zaid,Hyderabad,Watermelon
29.5,90.0,78.15456460966055,123,30,52,6.5,30.0,Loamy,Zaid,Nagpur,Muskmelon
26.2,93.5,82.47350994629011,32,28,33,6.5,211.1,Red,Kharif,Ahmedabad,Coconut
21.0,83.9,77.3704699671175,24,134,190,5.9,56.5,Red,Rabi,Mumbai,Grapes
24.9,95.9,90.0,39,13,33,5.7,220.5,Red,Rabi,Mumbai,Coconut
25.9,83.3,71.40270776117478,57,48,33,6.5,165.5,Clay,Kharif,Bangalore,Jute
22.2,89.3,77.9701763196726,51,52,48,6.8,189.0,Clay,Kharif,Ahmedabad,Papaya
23.2,95.6,86.98457546737762,112,33,58,7.1,45.4,Red,Zaid,Chennai,Watermelon
21.6,83.3,73.4949072959354,42,20,35,6.6,119.4,Black,Rabi,Nagpur,Pomegranate
24.0,95.9,84.81445670385405,28,19,38,5.9,164.8,Loamy,Kharif,Chennai,Coconut
19.0,77.4,63.30283731888677,94,43,34,6.8,210.7,Clay,Kharif,Nagpur,Rice
30.9,45.3,36.643999176091285,17,43,28,8.3,49.7,Loamy,Zaid,Chennai,Mothbeans
27.9,89.0,76.70830877123268,61,50,43,6.3,182.9,Black,Zaid,Mumbai,Papaya
25.4,77.3,64.07215991049979,78,61,35,5.4,140.6,Black,Kharif,Nashik,Jute
7.8,97.0,90.0,24,122,195,5.4,115.8,Red,Rabi,Bangalore,Apple
22.0,91.2,81.68588843782987,42,33,12,7.6,116.0,Loamy,Zaid,Chennai,Orange
26.2,46.0,34.91414478593641,20,13,30,6.3,97.0,Black,Rabi,Kolkata,Mango
28.0,53.4,47.82475561573034,20,18,27,4.9,107.0,Loamy,Zaid,Pune,Mango
20.1,51.9,42.02707078245341,26,76,20,4.7,153.6,Black,Zaid,Ahmedabad,Pigeonpeas
22.6,85.8,72.05303050823453,31,19,45,7.0,99.3,Clay,Kharif,Nashik,Pomegranate
25.3,63.1,52.218277117172946,29,52,13,7.3,73.4,Red,Kharif,Bangalore,Mothbeans
26.5,57.8,43.43206932392215,9,78,16,5.5,58.1,Loamy,Zaid,Hyderabad,Lentil
29.3,91.4,80.5293663039358,122,14,46,5.4,22.5,Black,Zaid,Nashik,Muskmelon
24.0,71.0,61.08691116894279,57,60,47,7.1,177.5,Loamy,Kharif,Pune,Jute
19.0,84.7,74.25268707725733,26,27,40,5.4,95.6,Loamy,Zaid,Chennai,Pomegranate
26.6,49.9,37.10007892458649,130,59,24,6.8,78.4,Loamy,Kharif,Hyderabad,Cotton
24.3,70.8,64.17205820559579,65,54,48,6.8,173.9,Loamy,Kharif,Kolkata,Jute
25.6,95.7,87.60611676359599,18,6,44,6.8,112.2,Black,Rabi,Ahmedabad,Pomegranate
16.4,66.6,60.22439007371343,26,63,82,5.8,39.1,Clay,Rabi,Hyderabad,Chickpea
25.4,78.7,69.10329892098,118,77,53,6.0,91.8,Red,Kharif,Nashik,Banana
22.1,66.4,58.89953675296993,90,25,29,6.3,125.7,Clay,Kharif,Chennai,Coffee
25.2,60.9,52.441726518422094,124,16,33,6.4,121.7,Loamy,Kharif,Nashik,Coffee
26.5,65.1,53.022467014699075,32,40,12,6.9,40.8,Red,Rabi,Hyderabad,Mungbean
27.6,62.7,55.186232713000784,48,59,25,7.0,58.9,Loamy,Zaid,Nagpur,Blackgram
25.7,84.5,74.81459044425651,91,72,52,5.5,121.4,Red,Kharif,Mumbai,Banana
26.7,83.2,68.74042702685468,97,66,48,5.8,110.6,Loamy,Zaid,Pune,Banana
27.0,67.4,58.98438022601521,125,47,12,6.3,92.2,Black,Kharif,Nashik,Cotton
29.4,83.6,75.7886149031037,87,93,57,6.2,109.4,Loamy,Rabi,Delhi,Banana
30.1,59.6,47.911231896121855,40,67,29,7.5,64.8,Black,Zaid,Delhi,Blackgram
24.2,88.1,74.40897793845753,93,14,49,5.7,18.1,Loamy,Zaid,Pune,Muskmelon
17.1,65.8,55.29218325582917,40,82,83,5.7,32.4,Clay,Rabi,Ahmedabad,Chickpea
22.8,73.6,68.11279162910435,82,54,41,6.0,151.0,Red,Kharif,Kolkata,Jute
29.8,95.0,85.71582278476832,25,27,21,5.5,220.2,Black,Zaid,Bangalore,Coconut
29.0,67.8,57.12645722486359,25,43,14,6.0,44.9,Red,Zaid,Delhi,Mungbean
29.7,67.9,57.83301450368168,28,59,13,4.0,48.2,Black,Rabi,Delhi,Mothbeans
25.4,62.5,53.171265166560325,91,32,11,6.1,85.4,Loamy,Kharif,Ahmedabad,Maize
20.9,93.1,85.87375553523653,19,28,45,5.4,104.3,Loamy,Kharif,Bangalore,Pomegranate
23.9,89.6,83.63553613795628,102,28,44,6.8,45.0,Black,Zaid,Ahmedabad,Watermelon
22.9,58.0,48.792401145157385,108,25,31,6.9,179.1,Red,Kharif,Kolkata,Coffee
23.2,62.1,49.061256383790656,116,51,17,7.4,67.2,Black,Kharif,Mumbai,Cotton
23.3,69.8,56.54437742148791,93,39,10,7.0,66.8,Clay,Kharif,Ahmedabad,Maize
23.8,83.8,72.25404465048794,89,57,43,6.3,176.4,Loamy,Kharif,Pune,Rice
25.1,49.5,43.78351713621335,101,64,29,6.7,68.7,Red,Kharif,Kolkata,Cotton
25.0,82.9,72.368827668124,35,6,42,6.7,97.9,Clay,Kharif,Pune,Pomegranate
27.5,80.8,69.56075052596182,78,52,43,6.6,209.6,Loamy,Kharif,Nagpur,Rice
31.8,47.1,35.90582781429584,38,44,25,4.9,99.7,Loamy,Kharif,Bangalore,Mango
28.6,91.2,84.97288437294779,44,9,26,6.7,202.0,Red,Rabi,Nagpur,Coconut
19.5,83.1,77.5279324412107,41,128,205,5.3,79.7,Red,Rabi,Chennai,Grapes
24.9,96.2,88.44104616728507,35,25,13,6.9,108.1,Black,Rabi,Hyderabad,Orange
21.5,58.0,43.8785044028618,42,63,72,6.6,34.6,Black,Rabi,Ahmedabad,Chickpea
18.5,22.6,11.292956304394153,22,66,29,5.9,121.9,Black,Rabi,Pune,Kidneybeans
20.5,55.9,48.56891291207559,28,62,28,6.6,86.9,Clay,Zaid,Delhi,Pigeonpeas
29.3,74.6,66.6479154586335,94,95,57,5.7,112.1,Loamy,Rabi,Pune,Banana
25.8,49.3,37.86758816834694,107,47,18,7.2,89.1,Red,Kharif,Nagpur,Cotton
16.5,58.6,51.3832135600495,25,62,75,6.1,48.0,Black,Rabi,Chennai,Chickpea
23.4,83.1,77.19749898168035,88,52,44,6.8,210.2,Red,Kharif,Hyderabad,Rice
22.2,84.6,72.45156787680376,36,27,42,5.8,109.5,Clay,Zaid,Hyderabad,Pomegranate
28.2,47.5,33.67541147845246,24,23,32,5.1,107.4,Red,Zaid,Chennai,Mango
25.2,51.8,40.98605193713012,41,40,13,8.2,33.2,Clay,Rabi,Kolkata,Mothbeans
24.9,69.7,60.96178363994237,99,27,36,7.0,166.6,Red,Rabi,Chennai,Coffee
33.1,63.3,57.9127049348361,64,67,12,7.7,60.2,Red,Zaid,Nashik,Blackgram
25.9,42.6,28.198804131150766,17,54,21,7.6,31.7,Red,Rabi,Nagpur,Mothbeans
20.4,17.4,10.0,24,55,27,6.0,81.7,Clay,Rabi,Kolkata,Kidneybeans
22.6,87.5,80.00724506524783,69,69,52,7.2,121.1,Red,Rabi,Kolkata,Papaya
24.5,76.0,70.16966177663969,97,72,56,6.0,93.7,Clay,Kharif,Nashik,Banana
26.9,96.8,89.62351778294908,26,27,7,6.0,131.1,Loamy,Rabi,Nagpur,Orange
27.6,87.8,73.28664938188884,61,46,46,6.3,200.3,Clay,Kharif,Bangalore,Rice
20.1,79.1,72.62902190466961,81,53,33,6.6,184.8,Clay,Kharif,Chennai,Rice
22.4,31.7,22.037570444422713,37,55,17,6.0,67.3,Clay,Rabi,Chennai,Kidneybeans
33.3,72.7,60.81700344838723,47,63,29,7.1,68.8,Loamy,Rabi,Kolkata,Blackgram
9.2,95.3,89.81587668060457,33,13,16,7.0,109.8,Black,Kharif,Bangalore,Orange
17.3,54.0,44.96519722222883,85,60,27,6.0,95.3,Loamy,Kharif,Pune,Maize
9.5,96.5,90.0,15,145,197,6.2,107.8,Black,Zaid,Ahmedabad,Apple
26.9,55.0,40.6038619132553,31,84,10,5.0,139.8,Loamy,Kharif,Nashik,Pigeonpeas
30.9,65.7,51.30649674653361,48,66,15,7.2,67.7,Clay,Zaid,Mumbai,Blackgram
28.1,77.8,67.51564050419023,86,76,48,5.7,122.4,Red,Kharif,Mumbai,Banana
19.1,90.6,83.49207204149981,28,11,33,5.5,95.4,Black,Kharif,Chennai,Pomegranate
26.8,53.2,39.03997899838773,23,26,36,6.6,87.4,Black,Zaid,Pune,Mango
26.6,84.6,77.09641004695152,62,62,42,6.9,159.9,Red,Kharif,Kolkata,Jute
5.0,95.9,90.0,38,128,191,6.6,119.6,Clay,Zaid,Delhi,Apple
25.3,80.5,73.33161404192111,74,38,32,6.8,182.1,Red,Kharif,Pune,Jute
21.2,49.4,35.55089314210151,30,69,75,6.2,57.2,Clay,Rabi,Nagpur,Chickpea
23.6,96.9,89.7511084765647,59,43,45,6.7,141.8,Clay,Rabi,Nashik,Papaya
23.0,87.6,82.08997652842966,15,146,202,6.3,72.0,Clay,Kharif,Nashik,Grapes
24.2,42.7,32.02023519589616,17,62,11,6.0,151.4,Red,Kharif,Hyderabad,Pigeonpeas
19.9,66.7,52.0153090773198,34,68,74,6.2,48.1,Loamy,Rabi,Pune,Chickpea
27.3,78.5,67.87639779141016,121,60,43,5.6,116.4,Red,Rabi,Delhi,Banana
25.4,68.8,60.986605682372094,138,56,14,7.2,77.3,Loamy,Kharif,Nagpur,Cotton
25.6,69.7,57.158817119235295,49,83,27,6.6,63.1,Clay,Rabi,Bangalore,Blackgram
26.2,62.6,54.065239711772435,25,51,22,6.1,41.7,Loamy,Kharif,Bangalore,Mothbeans
25.9,29.6,16.625123507062355,21,52,22,6.2,55.7,Red,Zaid,Pune,Kidneybeans
22.7,49.2,36.59436609396567,60,30,29,6.9,87.4,Loamy,Kharif,Ahmedabad,Maize
25.2,79.3,72.2720157911332,74,52,30,6.8,144.8,Red,Kharif,Kolkata,Jute
30.5,67.8,61.42918030021026,41,33,29,4.3,46.4,Black,Rabi,Nashik,Mothbeans
25.6,71.7,62.819230791912204,122,24,28,6.5,131.3,Red,Rabi,Mumbai,Coffee
24.0,94.8,80.83929082241339,34,26,31,6.6,215.2,Loamy,Rabi,Nagpur,Coconut
25.5,48.4,43.29528645897694,142,48,13,6.0,93.2,Red,Kharif,Nagpur,Cotton
22.5,60.9,51.3699975823248,115,18,21,6.6,143.7,Black,Kharif,Pune,Coffee
24.5,63.1,57.08844328627679,95,31,16,7.0,84.9,Red,Kharif,Nashik,Cotton
25.2,61.3,50.445632738942706,53,75,24,7.5,78.0,Loamy,Zaid,Bangalore,Blackgram
29.7,64.2,58.650248448969705,50,61,27,7.0,76.1,Clay,Rabi,Kolkata,Blackgram
24.7,67.3,53.72384467948581,35,57,10,6.7,58.8,Red,Kharif,Pune,Blackgram
17.6,87.7,76.28940203622528,42,21,37,7.1,111.3,Loamy,Rabi,Chennai,Pomegranate
28.8,65.6,51.25177586024649,16,73,20,5.8,50.1,Red,Kharif,Ahmedabad,Lentil
27.4,67.1,54.75119694669299,37,46,18,7.1,64.1,Black,Zaid,Hyderabad,Mungbean
24.8,79.5,66.81917294406652,89,34,49,7.0,166.1,Clay,Kharif,Ahmedabad,Jute
18.5,93.8,82.67424288055487,27,6,11,6.2,107.7,Red,Rabi,Ahmedabad,Orange
30.8,62.0,52.4774996923788,62,50,20,7.0,65.0,Loamy,Rabi,Chennai,Blackgram
26.0,52.7,47.14064369973595,81,63,12,5.9,66.0,Red,Kharif,Kolkata,Maize
23.2,68.0,53.8060691731784,119,56,12,6.2,60.0,Red,Kharif,Nashik,Cotton
26.1,82.1,73.56253502147784,82,57,35,5.8,167.9,Black,Kharif,Ahmedabad,Jute
17.1,64.0,50.49638623503425,91,47,23,5.9,97.6,Loamy,Kharif,Kolkata,Maize
33.5,62.6,48.59505154978733,39,60,20,7.5,68.3,Black,Kharif,Mumbai,Blackgram
26.2,44.2,33.915214691460385,39,61,25,7.2,46.9,Black,Kharif,Mumbai,Mothbeans
24.9,93.8,81.38720326625361,29,15,46,6.5,98.4,Black,Zaid,Mumbai,Pomegranate
25.4,94.7,87.63290991262791,57,44,59,6.3,215.8,Clay,Rabi,Hyderabad,Papaya
26.2,57.0,45.69088361748207,17,37,37,5.5,107.3,Loamy,Zaid,Mumbai,Mango
23.9,94.2,80.63745870999219,65,62,45,6.6,187.0,Red,Rabi,Pune,Papaya
22.8,89.2,74.91845254059862,17,20,44,6.8,115.8,Loamy,Kharif,Chennai,Pomegranate
18.0,64.2,53.47806531826965,29,76,81,5.6,62.1,Black,Rabi,Chennai,Chickpea
25.5,70.8,63.67123541633381,114,12,37,6.0,159.8,Loamy,Kharif,Ahmedabad,Coffee
27.5,58.4,48.223051495550166,24,84,25,4.6,136.9,Black,Zaid,Bangalore,Pigeonpeas
29.5,42.2,31.073815930192417,27,19,26,5.8,99.5,Clay,Zaid,Mumbai,Mango
33.7,42.6,27.726662926865593,19,27,30,4.8,97.1,Red,Kharif,Pune,Mango
11.6,90.3,84.05321294433905,38,31,15,6.5,112.6,Clay,Rabi,Nashik,Orange
23.4,88.3,73.38404389672804,41,42,56,6.6,189.5,Red,Zaid,Delhi,Papaya
31.7,55.2,49.480023823785615,17,31,20,5.4,107.6,Red,Kharif,Mumbai,Mango
27.6,92.5,80.47487298971487,54,56,40,6.9,197.1,Clay,Zaid,Bangalore,Papaya
31.8,47.0,33.245314480487664,43,10,31,5.0,82.5,Black,Rabi,Chennai,Mango
30.7,48.0,39.846197491772045,39,40,38,5.0,86.9,Loamy,Rabi,Mumbai,Mango
25.9,68.9,61.66471559513057,126,44,22,6.7,91.7,Red,Kharif,Kolkata,Cotton
27.1,78.5,72.09578449538672,83,34,45,6.2,185.0,Black,Kharif,Delhi,Rice
31.0,48.4,40.477739992720466,20,39,39,6.5,102.9,Clay,Kharif,Mumbai,Mango
18.0,54.6,49.01641141238882,39,64,19,6.4,124.5,Black,Rabi,Pune,Pigeonpeas
22.4,84.2,72.93001910495583,36,133,193,5.9,80.9,Clay,Zaid,Pune,Grapes
23.6,97.3,84.50389649930486,19,26,31,6.3,105.7,Black,Rabi,Nashik,Pomegranate
17.2,31.4,24.43679039826317,38,59,19,6.0,76.9,Black,Kharif,Mumbai,Kidneybeans
25.5,89.2,79.37516231695689,20,6,39,5.4,179.9,Loamy,Kharif,Hyderabad,Coconut
20.9,85.1,77.54646953571505,17,140,197,6.5,82.5,Red,Zaid,Nashik,Grapes
26.5,90.4,76.17357647666618,117,12,55,6.6,41.8,Black,Zaid,Kolkata,Watermelon
17.8,27.3,18.28986962269866,29,56,27,5.3,117.0,Loamy,Kharif,Ahmedabad,Kidneybeans
11.5,87.9,77.6911365900732,30,116,194,5.3,109.7,Black,Kharif,Nagpur,Apple
30.0,53.8,43.91750167089042,36,20,37,4.8,99.3,Loamy,Kharif,Hyderabad,Mango
26.1,91.1,78.58761593913775,99,9,54,6.2,61.9,Black,Zaid,Delhi,Watermelon
27.2,91.3,81.96438625967394,113,34,51,6.1,25.6,Clay,Zaid,Pune,Muskmelon
27.2,54.5,46.82710884470794,16,40,37,4.9,93.4,Loamy,Rabi,Ahmedabad,Mango
28.9,88.6,78.10618550302407,17,29,27,5.6,174.4,Red,Zaid,Ahmedabad,Coconut
22.0,93.1,82.12068635352605,65,40,53,5.8,175.2,Loamy,Kharif,Bangalore,Papaya
26.1,71.9,57.712737116387295,45,76,20,7.4,71.8,Loamy,Zaid,Pune,Blackgram
26.3,47.5,40.117544422831344,116,32,21,6.3,122.1,Clay,Rabi,Ahmedabad,Coffee
24.3,57.2,45.24876565167624,23,67,26,6.0,121.0,Loamy,Kharif,Nagpur,Pigeonpeas
22.6,57.6,49.514610325836216,90,39,20,6.9,57.9,Loamy,Kharif,Hyderabad,Maize
19.4,24.8,18.563388861382727,25,80,20,6.0,89.8,Black,Zaid,Mumbai,Kidneybeans
24.2,23.0,15.8350129925843,37,75,14,6.1,107.6,Red,Rabi,Bangalore,Kidneybeans
19.2,55.4,45.03000618287942,33,75,29,5.1,95.4,Clay,Zaid,Bangalore,Pigeonpeas
34.3,45.6,36.918184652613,38,36,38,5.0,92.6,Loamy,Zaid,Ahmedabad,Mango
24.7,29.8,20.802799616078612,41,70,29,5.5,72.8,Loamy,Kharif,Delhi,Kidneybeans
5.0,90.6,80.20634964839022,22,124,200,6.0,124.8,Red,Rabi,Bangalore,Apple
29.5,62.6,47.60722575649697,41,35,21,8.7,26.6,Black,Zaid,Mumbai,Mothbeans
26.9,96.1,88.03186688684036,20,20,31,6.3,213.2,Loamy,Zaid,Nagpur,Coconut
18.9,42.8,34.41562639468619,16,76,17,5.3,119.4,Black,Rabi,Mumbai,Pigeonpeas
18.4,58.7,45.38487052185185,34,65,80,6.6,35.1,Loamy,Rabi,Nagpur,Chickpea
29.6,94.5,83.23959881657696,120,34,53,5.6,31.5,Clay,Zaid,Ahmedabad,Muskmelon
29.0,82.1,75.46714781358037,120,90,47,5.8,87.7,Red,Rabi,Mumbai,Banana
26.2,67.2,60.640429500021526,38,31,20,4.4,44.7,Red,Rabi,Ahmedabad,Mothbeans
25.0,68.7,58.59886179001198,99,42,21,7.1,62.6,Black,Kharif,Hyderabad,Cotton
28.7,55.3,47.53022551047399,34,25,34,5.9,108.0,Clay,Kharif,Bangalore,Mango
30.0,67.1,59.307930384936014,42,51,23,6.5,53.1,Black,Kharif,Chennai,Mungbean
20.4,83.3,70.97320215914642,83,54,48,6.0,205.5,Loamy,Kharif,Hyderabad,Rice
25.6,53.9,39.40009775257629,104,21,37,6.1,162.3,Black,Rabi,Pune,Coffee
29.4,43.6,29.406344857280793,18,14,24,5.7,90.3,Loamy,Rabi,Bangalore,Mango
26.1,69.6,62.782362756116655,16,73,12,6.2,37.5,Black,Zaid,Kolkata,Lentil
20.5,70.8,58.99481843136506,10,55,25,6.4,44.5,Clay,Kharif,Delhi,Lentil
16.8,65.1,54.53466874503409,39,63,85,5.8,55.3,Loamy,Rabi,Hyderabad,Chickpea
27.9,71.2,64.48105333476845,42,57,13,5.9,39.6,Red,Kharif,Hyderabad,Mungbean
26.8,44.4,37.34621017798214,25,16,27,4.6,97.1,Clay,Zaid,Pune,Mango
17.0,67.3,61.62701272480777,26,82,89,5.5,59.3,Red,Rabi,Hyderabad,Chickpea
14.5,22.4,10.0,24,64,11,5.5,78.1,Black,Rabi,Mumbai,Kidneybeans
24.9,47.7,38.66911392567156,111,59,29,7.0,62.8,Red,Kharif,Delhi,Cotton
25.5,83.5,76.42061845772233,81,57,43,6.2,175.0,Clay,Kharif,Mumbai,Jute
28.1,96.0,85.180194682131,22,21,25,5.8,210.4,Clay,Zaid,Chennai,Coconut
20.8,24.1,12.25762331284043,15,60,11,5.5,92.1,Loamy,Zaid,Chennai,Kidneybeans
5.0,89.7,78.44508442244013,28,115,200,6.0,109.6,Clay,Rabi,Delhi,Apple
18.1,58.1,50.879488123995195,91,62,15,6.6,79.2,Black,Kharif,Ahmedabad,Maize
18.4,57.9,48.4646374566604,59,43,22,6.8,59.2,Black,Kharif,Kolkata,Maize
16.3,48.1,35.893908066576465,33,56,81,5.6,31.6,Clay,Rabi,Chennai,Chickpea
32.0,57.5,43.29450087424081,48,84,10,6.8,60.2,Black,Zaid,Kolkata,Blackgram
25.6,78.0,64.44547743815473,65,48,30,6.7,157.0,Black,Kharif,Mumbai,Jute
24.9,90.6,77.45045188736297,19,8,30,5.5,156.6,Black,Kharif,Nashik,Coconut
31.5,47.0,33.2428929939524,24,34,26,5.3,109.8,Loamy,Zaid,Delhi,Mango
18.4,96.5,86.70434611700699,22,16,40,7.1,97.7,Red,Zaid,Ahmedabad,Pomegranate
17.7,58.2,45.953038349434244,28,55,70,6.5,34.3,Black,Rabi,Delhi,Chickpea
25.2,61.2,46.909365916709575,128,53,14,7.2,61.3,Red,Kharif,Nagpur,Cotton
24.5,81.3,66.31850293889435,16,137,203,5.7,68.2,Black,Kharif,Kolkata,Grapes
24.1,85.5,70.87702643655652,74,56,34,7.0,145.9,Black,Kharif,Hyderabad,Jute
24.5,72.7,59.836162765610915,141,34,20,7.3,70.6,Loamy,Kharif,Hyderabad,Cotton
26.1,85.9,80.26205302866437,84,37,33,6.2,192.3,Red,Kharif,Chennai,Rice
14.6,96.9,85.87540080050623,17,21,7,7.0,116.4,Loamy,Kharif,Kolkata,Orange
26.0,76.4,62.868977259280044,66,32,44,6.3,143.5,Black,Kharif,Nagpur,Jute
21.6,23.5,14.224181285585335,16,67,29,6.0,79.5,Loamy,Zaid,Mumbai,Kidneybeans
5.0,97.9,83.86046597596223,43,116,195,5.6,101.8,Loamy,Zaid,Kolkata,Apple
5.0,90.9,77.43379631602642,41,145,195,6.4,116.7,Black,Rabi,Mumbai,Apple
21.9,51.4,45.250569169794986,20,83,73,5.6,26.5,Clay,Rabi,Kolkata,Chickpea
23.4,90.1,75.29838625699662,103,34,53,6.9,41.1,Black,Zaid,Pune,Watermelon
29.3,60.4,47.20997323364426,25,45,14,6.9,39.9,Black,Rabi,Kolkata,Mungbean
29.5,97.9,90.0,123,26,41,5.4,20.3,Loamy,Zaid,Nagpur,Muskmelon
33.8,63.0,48.57336644297984,47,57,26,6.5,79.3,Clay,Zaid,Mumbai,Blackgram
26.7,88.5,78.69417794980771,101,5,56,6.8,37.6,Red,Zaid,Hyderabad,Watermelon
22.4,55.8,41.896618488041604,26,57,80,6.3,47.3,Loamy,Rabi,Bangalore,Chickpea
34.3,45.4,35.969129638642826,35,26,28,5.9,107.0,Loamy,Zaid,Nashik,Mango
25.9,79.5,66.51488126307362,21,128,201,6.5,74.2,Red,Zaid,Delhi,Grapes
18.7,89.5,78.20525934473025,38,24,40,7.1,105.4,Loamy,Rabi,Kolkata,Pomegranate
22.8,49.3,42.10743413986665,98,56,11,7.5,62.0,Clay,Kharif,Chennai,Cotton
13.1,97.7,88.00581739943738,29,6,13,7.5,107.9,Clay,Kharif,Nagpur,Orange
27.5,56.9,51.61543235684799,29,83,23,6.5,93.4,Clay,Rabi,Chennai,Pigeonpeas
25.0,97.2,88.82449828106398,56,46,45,7.0,175.0,Red,Kharif,Hyderabad,Papaya
25.5,92.4,81.25541918371128,28,22,28,5.8,181.1,Clay,Rabi,Bangalore,Coconut
26.1,62.5,56.26782616624838,64,58,20,6.5,66.4,Black,Kharif,Mumbai,Blackgram
19.6,66.9,56.664552709444024,90,57,17,6.5,97.3,Red,Kharif,Delhi,Maize
23.8,55.3,49.44704422037935,24,54,23,5.2,90.2,Black,Zaid,Hyderabad,Pigeonpeas
25.0,77.1,63.10206644381106,60,35,35,6.5,216.0,Red,Kharif,Hyderabad,Rice
25.8,69.6,55.50420201371546,137,54,23,7.2,78.5,Red,Kharif,Pune,Cotton
34.5,45.9,37.51697520186627,25,25,21,4.9,102.7,Clay,Rabi,Delhi,Mango
27.7,58.4,48.21206851582194,44,67,17,6.4,57.3,Loamy,Kharif,Kolkata,Blackgram
16.9,95.2,80.6549727494128,36,17,5,7.5,99.9,Loamy,Kharif,Nagpur,Orange
28.0,94.9,85.07018531617048,36,13,5,6.1,104.3,Red,Rabi,Chennai,Orange
10.8,87.8,76.90692270358684,30,23,6,6.6,100.5,Clay,Zaid,Bangalore,Orange
29.1,58.7,51.12487090782692,28,78,10,6.1,113.7,Black,Rabi,Nashik,Pigeonpeas
32.0,72.8,65.52234628112177,46,72,14,6.7,73.8,Black,Kharif,Ahmedabad,Blackgram
27.1,87.1,75.92325245761057,102,15,56,7.1,49.2,Black,Zaid,Delhi,Watermelon
20.0,67.7,58.24288599007875,23,59,86,6.5,53.9,Loamy,Rabi,Mumbai,Chickpea
27.2,66.4,52.18648145985864,26,33,27,6.5,54.3,Black,Kharif,Kolkata,Mungbean
29.1,96.5,90.0,37,19,31,6.6,166.1,Clay,Zaid,Hyderabad,Coconut
18.9,32.9,25.140256394603284,29,70,17,5.6,97.2,Black,Kharif,Chennai,Kidneybeans
25.6,53.4,40.42698328129775,22,65,29,5.7,127.1,Loamy,Kharif,Hyderabad,Pigeonpeas
21.9,90.7,79.21752050355347,31,21,30,6.4,101.7,Clay,Rabi,Bangalore,Pomegranate
24.8,90.9,76.41166763150163,57,66,58,6.0,134.7,Clay,Rabi,Delhi,Papaya
22.1,58.3,47.30396682794283,26,69,82,6.3,34.4,Red,Rabi,Nagpur,Chickpea
26.3,94.2,88.09165887403147,40,22,20,6.1,164.3,Black,Rabi,Mumbai,Coconut
5.0,96.7,84.25508599706527,28,135,191,6.3,112.5,Clay,Zaid,Delhi,Apple
19.1,48.1,38.317120946156706,60,63,15,5.4,89.0,Black,Kharif,Delhi,Maize
26.4,64.0,49.35875975904167,33,40,29,5.9,49.7,Red,Rabi,Chennai,Mungbean
31.6,59.1,49.69071806440841,38,67,26,7.7,68.0,Loamy,Zaid,Pune,Blackgram
26.6,82.3,72.98004881557563,25,148,198,6.0,74.1,Red,Kharif,Kolkata,Grapes
25.1,81.8,66.98718920588968,31,140,204,6.4,71.1,Loamy,Rabi,Hyderabad,Grapes
20.6,81.4,72.05488938423507,69,56,41,6.6,219.3,Black,Kharif,Mumbai,Rice
28.9,71.4,60.153485482168115,32,58,25,7.0,43.8,Loamy,Zaid,Chennai,Lentil
26.4,96.6,90.0,85,33,45,6.5,24.2,Loamy,Zaid,Kolkata,Muskmelon
30.2,65.7,55.334496974148536,31,31,10,8.1,34.3,Black,Rabi,Ahmedabad,Mothbeans
24.8,23.2,12.102195671889517,27,56,21,5.6,152.4,Black,Rabi,Pune,Kidneybeans
19.2,82.7,73.03136037060665,87,63,32,6.2,223.8,Clay,Kharif,Ahmedabad,Rice
34.5,88.6,76.54652172764546,28,24,14,7.6,118.2,Clay,Zaid,Hyderabad,Orange
25.3,88.2,79.133080448645,113,16,55,7.0,63.0,Black,Zaid,Delhi,Watermelon
19.9,49.6,39.080796844240126,26,79,84,5.8,26.3,Loamy,Rabi,Nashik,Chickpea
20.6,23.4,10.0,22,68,15,5.7,101.9,Black,Rabi,Delhi,Kidneybeans
19.3,79.2,71.620216558853,33,117,192,5.5,69.1,Clay,Kharif,Bangalore,Grapes
26.1,97.9,90.0,98,6,55,6.8,62.8,Black,Zaid,Chennai,Watermelon
23.4,63.7,55.89804239904351,113,23,31,7.0,136.0,Loamy,Kharif,Nashik,Coffee
30.3,50.9,44.39414602530758,31,33,21,6.6,90.7,Loamy,Rabi,Mumbai,Mango
26.9,71.6,64.31480149496606,43,75,28,6.3,55.0,Black,Rabi,Nagpur,Blackgram
26.2,97.2,84.8686333861464,20,24,30,5.9,218.0,Loamy,Kharif,Nagpur,Coconut
24.2,81.4,72.23102794613305,39,148,195,5.4,71.5,Black,Kharif,Mumbai,Grapes
24.5,95.5,81.57533106691419,30,16,9,7.5,107.7,Red,Rabi,Nashik,Orange
26.9,91.2,76.56398333281793,98,16,41,6.7,16.7,Loamy,Zaid,Hyderabad,Muskmelon
27.1,49.7,38.31408540451147,42,31,29,4.8,81.5,Red,Kharif,Nagpur,Mango
24.8,76.1,64.26147898852474,75,53,46,7.0,139.0,Black,Kharif,Kolkata,Jute
20.8,68.5,57.180176615508,42,67,77,5.4,35.6,Black,Rabi,Kolkata,Chickpea
27.7,85.0,70.93546929861836,91,35,43,6.5,217.7,Black,Kharif,Chennai,Rice
23.4,93.3,83.85671998864525,108,7,41,6.5,61.4,Loamy,Zaid,Nagpur,Watermelon
27.8,89.9,84.373426890973,105,30,58,6.0,64.4,Red,Zaid,Delhi,Watermelon
26.8,84.0,73.06393346334463,62,47,43,5.5,143.8,Red,Kharif,Bangalore,Jute
26.3,55.5,48.60413917682769,99,38,31,7.1,161.6,Clay,Kharif,Kolkata,Coffee
32.4,51.7,38.35160891285988,42,26,34,5.6,104.9,Clay,Zaid,Nashik,Mango
30.1,63.9,55.71830179725492,43,60,26,7.2,30.0,Black,Zaid,Ahmedabad,Mungbean
25.0,88.7,77.93159425878726,19,17,39,6.6,100.1,Clay,Rabi,Ahmedabad,Pomegranate
22.0,87.6,76.76966222175558,22,13,10,7.4,112.4,Clay,Kharif,Mumbai,Orange
21.6,68.9,61.66363136953578,23,59,12,5.7,41.2,Loamy,Zaid,Nashik,Lentil
26.1,97.9,90.0,104,18,51,6.4,57.9,Clay,Zaid,Ahmedabad,Watermelon
25.6,87.1,77.74602900713325,100,5,41,6.0,30.8,Black,Zaid,Nagpur,Muskmelon
32.9,54.9,44.12287836015427,43,20,25,4.5,92.4,Black,Zaid,Mumbai,Mango
28.3,79.4,74.02576777207432,112,76,40,5.7,121.1,Black,Kharif,Chennai,Banana
23.0,62.7,57.5340480633956,110,20,25,7.0,154.5,Red,Rabi,Mumbai,Coffee
27.5,94.9,86.82728205953521,111,24,53,6.7,36.9,Clay,Zaid,Nashik,Watermelon
20.5,58.0,50.119656862304254,7,79,23,5.7,53.7,Red,Kharif,Nashik,Lentil
17.1,68.0,57.2830098618292,56,47,11,6.9,72.6,Black,Kharif,Delhi,Maize
18.8,55.0,42.90495945412734,57,40,18,5.7,67.3,Black,Kharif,Hyderabad,Maize
21.8,72.6,66.19593878992417,22,69,16,7.1,36.5,Red,Rabi,Pune,Lentil
26.1,68.9,54.36561233720097,109,60,15,6.1,68.7,Clay,Kharif,Hyderabad,Cotton
19.7,69.0,62.0448878337595,80,44,24,6.4,97.2,Black,Kharif,Nagpur,Maize
20.6,95.2,83.01150661722346,19,12,49,6.1,110.7,Black,Kharif,Delhi,Pomegranate
22.4,60.0,49.04269463773961,20,58,85,5.7,58.4,Clay,Rabi,Bangalore,Chickpea
29.3,97.2,87.47577424095853,17,13,37,5.7,168.4,Red,Zaid,Nashik,Coconut
30.0,88.7,75.81089358319956,34,7,9,6.1,112.1,Red,Kharif,Ahmedabad,Orange
18.4,72.5,60.368871239889614,87,36,27,6.6,70.5,Red,Kharif,Nashik,Maize
26.3,58.0,47.13271003444045,108,42,11,7.2,72.7,Black,Kharif,Hyderabad,Cotton
25.0,95.9,89.47762214577455,109,24,53,6.5,25.4,Clay,Zaid,Bangalore,Muskmelon
28.4,51.5,43.16427156987211,33,41,34,4.9,97.3,Loamy,Zaid,Pune,Mango
24.0,51.6,38.136824313645185,22,70,27,4.4,99.3,Black,Zaid,Nagpur,Pigeonpeas
28.8,66.0,56.49601869602702,40,51,12,6.3,33.0,Red,Kharif,Pune,Mungbean
27.4,94.1,85.03276588615961,29,26,38,6.6,221.4,Loamy,Zaid,Kolkata,Coconut
27.3,68.8,61.09435827959968,98,13,37,7.1,136.6,Black,Zaid,Chennai,Coffee
23.8,94.2,80.86118328844948,31,31,40,6.8,118.6,Red,Kharif,Ahmedabad,Pomegranate
27.3,84.4,69.67864546856225,103,96,58,6.6,90.6,Clay,Kharif,Nashik,Banana
26.2,67.8,58.46259199360556,19,53,25,6.3,41.8,Loamy,Rabi,Mumbai,Mungbean
30.8,53.5,44.045659836748676,39,41,25,6.4,107.7,Loamy,Zaid,Bangalore,Mango
18.9,85.2,73.97301529690287,39,24,37,6.7,108.8,Black,Rabi,Nagpur,Pomegranate
22.2,59.2,52.92241121492104,139,64,28,6.3,75.6,Red,Kharif,Hyderabad,Cotton
20.9,56.6,49.637979476263766,44,74,87,6.6,54.8,Black,Rabi,Bangalore,Chickpea
17.9,46.2,36.29919209695893,26,73,13,6.3,121.9,Black,Kharif,Kolkata,Pigeonpeas
27.5,90.2,78.27955886574216,101,17,53,7.2,62.4,Red,Zaid,Kolkata,Watermelon
23.0,67.9,62.39865332338509,122,24,24,6.0,157.7,Loamy,Rabi,Kolkata,Coffee
29.7,45.2,36.906413766617504,36,61,17,7.6,33.9,Black,Rabi,Pune,Mothbeans
24.9,93.0,81.93809798354683,121,18,53,5.6,24.9,Clay,Zaid,Mumbai,Muskmelon
30.0,58.5,49.69758062763124,37,64,11,6.2,101.0,Red,Rabi,Mumbai,Pigeonpeas
27.7,62.8,52.33878810588349,6,53,26,5.8,48.1,Black,Rabi,Nagpur,Lentil
27.5,87.7,81.32993330056743,54,69,56,6.8,185.5,Clay,Zaid,Ahmedabad,Papaya
19.5,80.0,74.00482099269252,28,146,200,5.6,72.1,Black,Rabi,Kolkata,Grapes
22.0,53.3,44.77677166047913,114,36,25,5.8,109.0,Loamy,Zaid,Pune,Coffee
26.2,60.3,51.28090171625557,19,60,13,5.4,48.7,Black,Kharif,Mumbai,Lentil
27.7,84.6,74.73141147865611,115,80,58,5.4,114.3,Red,Zaid,Mumbai,Banana
28.1,55.8,43.55974317943934,42,55,25,5.9,37.8,Black,Zaid,Pune,Mothbeans
31.0,45.9,35.03188075903175,32,39,36,5.5,100.2,Clay,Zaid,Hyderabad,Mango
31.6,58.7,48.68217066702589,54,69,26,7.6,75.4,Clay,Zaid,Chennai,Blackgram
25.1,89.2,81.53650190899809,99,11,59,6.0,38.2,Loamy,Zaid,Nagpur,Watermelon
27.0,64.5,53.78600073458471,21,79,28,4.6,110.5,Loamy,Zaid,Kolkata,Pigeonpeas
26.1,63.8,50.80330095115043,116,15,38,6.0,106.9,Clay,Zaid,Ahmedabad,Coffee
22.6,97.1,90.0,52,45,41,7.2,159.2,Clay,Zaid,Chennai,Papaya
24.3,87.5,77.97276768178534,38,117,192,6.6,56.4,Red,Rabi,Nashik,Grapes
27.4,57.6,46.31300591841391,43,38,11,7.2,50.9,Black,Rabi,Chennai,Mungbean
20.8,59.7,52.0293494385024,18,66,21,5.6,52.9,Clay,Rabi,Bangalore,Lentil
32.5,55.4,43.313404094132416,33,16,39,4.3,98.2,Red,Rabi,Hyderabad,Mango
25.4,80.2,72.89749439900083,78,56,42,6.0,177.9,Red,Kharif,Chennai,Rice
28.5,81.5,67.49922811763217,18,127,192,5.6,67.2,Clay,Zaid,Nagpur,Grapes
23.9,95.2,88.93195251309349,85,23,41,7.2,37.9,Red,Zaid,Pune,Watermelon
29.8,95.5,87.26693878747997,41,6,7,6.7,107.6,Clay,Rabi,Pune,Orange
23.8,49.7,40.387266372262616,99,27,21,6.6,192.1,Black,Zaid,Ahmedabad,Coffee
23.4,73.1,58.43174127231805,88,45,38,6.1,147.3,Black,Kharif,Nagpur,Jute
20.1,97.4,87.79239001246195,16,6,39,6.8,115.8,Loamy,Rabi,Hyderabad,Pomegranate
26.6,60.7,49.332939379592034,28,52,26,6.0,57.8,Red,Zaid,Bangalore,Lentil
27.9,47.3,40.569014641616434,20,52,27,6.4,46.6,Red,Zaid,Hyderabad,Mothbeans
23.2,64.1,50.95737226907383,23,51,13,7.1,53.8,Loamy,Kharif,Delhi,Lentil
24.6,89.2,74.8057157461202,69,46,56,6.8,190.0,Black,Kharif,Nagpur,Papaya
5.0,89.4,78.68366075609956,16,124,197,6.2,119.1,Red,Zaid,Delhi,Apple
27.1,48.3,37.06225626806892,27,39,20,6.3,92.5,Black,Kharif,Nagpur,Mango
33.3,88.1,77.95622863257077,42,16,18,6.9,108.9,Loamy,Rabi,Hyderabad,Orange
23.7,64.7,53.55027815114444,29,84,29,4.7,113.7,Red,Kharif,Ahmedabad,Pigeonpeas
23.4,65.4,50.65070052524395,18,37,21,6.9,66.4,Red,Kharif,Ahmedabad,Mothbeans
25.1,84.9,73.82231766100804,92,39,48,5.6,166.3,Red,Kharif,Bangalore,Jute
26.4,98.0,90.0,23,5,25,5.6,204.7,Loamy,Kharif,Ahmedabad,Coconut
23.8,63.7,56.43375726239058,32,61,11,7.3,94.3,Loamy,Kharif,Hyderabad,Pigeonpeas
26.4,51.6,38.72269496872031,30,54,19,6.6,32.7,Loamy,Kharif,Nashik,Mothbeans
28.1,66.0,56.25280773454792,48,77,27,7.3,55.9,Black,Rabi,Nagpur,Blackgram
25.5,87.7,79.49361558638498,63,50,31,7.1,176.4,Red,Kharif,Nagpur,Jute
29.2,65.2,58.036417727717,16,52,16,4.0,62.8,Black,Zaid,Nashik,Mothbeans
34.0,57.3,44.53235847320128,44,13,34,6.6,95.3,Clay,Rabi,Ahmedabad,Mango
34.2,55.9,44.94791627217437,41,41,29,4.6,96.7,Black,Kharif,Pune,Mango
21.2,86.2,79.8399714946169,28,131,199,5.8,56.0,Clay,Zaid,Hyderabad,Grapes
21.3,49.1,40.09553235784079,23,77,88,5.9,50.0,Loamy,Rabi,Hyderabad,Chickpea
25.8,89.2,77.78894307545785,85,13,42,6.6,61.7,Clay,Zaid,Pune,Watermelon
28.4,65.4,57.54827592464375,17,70,18,7.6,104.2,Clay,Zaid,Chennai,Pigeonpeas
26.3,63.6,54.037099185110456,22,60,25,6.3,51.5,Red,Zaid,Nagpur,Lentil
26.3,91.3,80.08741468865014,40,23,34,6.2,179.2,Black,Rabi,Bangalore,Coconut
22.5,84.7,70.015647369721,41,147,207,6.1,73.8,Clay,Zaid,Ahmedabad,Grapes
23.9,87.0,80.497273270906,91,64,36,6.9,180.7,Red,Kharif,Chennai,Rice
25.1,29.5,18.428347000863507,16,77,16,5.3,104.5,Clay,Zaid,Hyderabad,Kidneybeans
21.8,71.9,62.07768249966877,29,60,77,5.7,40.2,Clay,Rabi,Ahmedabad,Chickpea
26.5,50.7,40.98866938209787,40,53,15,5.0,122.3,Red,Rabi,Ahmedabad,Pigeonpeas
23.9,64.6,57.62280307216355,24,55,28,5.9,39.9,Red,Zaid,Bangalore,Lentil
22.9,55.4,49.466621801989334,37,78,80,6.5,34.3,Clay,Rabi,Mumbai,Chickpea
20.3,48.4,38.58463599671825,83,59,17,5.7,84.2,Loamy,Kharif,Ahmedabad,Maize
24.9,88.9,80.28117714165569,36,29,15,7.7,126.5,Clay,Rabi,Mumbai,Orange
23.4,77.3,66.52363555190922,74,47,33,6.2,218.8,Red,Kharif,Chennai,Rice
23.7,83.1,71.92038139992177,20,140,197,5.9,83.8,Loamy,Zaid,Hyderabad,Grapes
26.3,57.7,50.177366531236224,43,63,22,7.1,61.9,Black,Zaid,Chennai,Blackgram
28.5,67.0,57.43021270650394,17,32,11,7.2,59.2,Clay,Zaid,Ahmedabad,Mungbean
14.9,91.7,82.7281551084082,41,139,192,5.8,109.4,Clay,Zaid,Nagpur,Apple
18.0,54.7,41.45640299689379,27,82,10,7.1,94.6,Clay,Rabi,Chennai,Pigeonpeas
26.7,94.4,86.32949033204324,105,15,49,6.8,36.0,Clay,Zaid,Chennai,Watermelon
21.8,63.4,54.17660662602522,30,82,70,6.4,44.2,Black,Rabi,Hyderabad,Chickpea
24.9,80.4,71.39326799529951,16,148,190,5.7,72.7,Black,Zaid,Nagpur,Grapes
24.8,82.6,75.58474999069755,30,128,191,5.8,72.8,Red,Kharif,Nashik,Grapes
25.8,87.2,78.76329697089822,77,30,45,5.9,161.8,Loamy,Kharif,Kolkata,Jute
23.5,70.5,58.9265434778773,68,48,35,6.9,135.8,Red,Kharif,Pune,Jute
26.1,69.0,63.556684749698135,137,35,25,6.6,64.8,Red,Kharif,Pune,Cotton
5.4,93.6,87.78896165112485,28,115,202,6.1,112.0,Loamy,Zaid,Mumbai,Apple
25.3,80.6,73.40249979321237,88,78,58,5.9,101.5,Loamy,Rabi,Mumbai,Banana
23.7,28.6,15.66205449404482,44,52,13,5.6,100.5,Red,Rabi,Mumbai,Kidneybeans
25.9,73.1,60.20605694468664,88,37,39,6.1,139.8,Red,Kharif,Chennai,Jute
24.1,90.9,81.89614831809959,117,24,49,5.8,28.9,Clay,Zaid,Nashik,Muskmelon
13.2,90.4,77.28007257672672,21,8,7,7.1,119.2,Loamy,Kharif,Chennai,Orange
17.1,29.2,15.213365091352129,18,81,24,6.0,74.7,Loamy,Rabi,Nagpur,Kidneybeans
17.9,90.9,77.33526978642884,30,21,45,6.5,95.3,Black,Kharif,Mumbai,Pomegranate
24.9,49.0,42.850529959891226,15,55,25,4.0,72.5,Clay,Kharif,Chennai,Mothbeans
35.9,95.2,88.76457582461293,20,15,19,7.1,116.3,Red,Rabi,Chennai,Orange
33.1,44.8,37.01913019453218,39,18,25,5.3,90.3,Red,Rabi,Bangalore,Mango
24.3,87.3,79.69859018838818,27,9,48,6.0,112.8,Black,Zaid,Kolkata,Pomegranate
23.6,60.5,46.042828073862204,119,38,31,5.9,157.3,Black,Rabi,Delhi,Coffee
27.8,92.7,80.79758067717233,43,16,30,5.6,193.3,Loamy,Kharif,Chennai,Coconut
22.6,82.9,75.8853798268979,58,45,32,6.1,182.8,Clay,Kharif,Ahmedabad,Jute
28.4,51.4,39.95173153360081,18,40,14,8.3,68.6,Black,Rabi,Delhi,Mothbeans
22.2,66.8,53.375021571773345,22,81,20,6.6,38.6,Clay,Zaid,Nagpur,Lentil
30.7,49.8,40.93976774164594,36,33,35,4.4,90.8,Clay,Rabi,Mumbai,Mango
9.8,89.8,75.89992500242693,23,17,15,7.3,113.5,Clay,Zaid,Chennai,Orange
30.8,71.6,64.471734342018,40,58,22,6.3,57.8,Loamy,Kharif,Pune,Mungbean
26.7,81.3,71.35846093879708,112,88,57,5.7,121.9,Loamy,Kharif,Nashik,Banana
25.4,89.0,76.58724361534698,101,17,43,6.6,44.6,Red,Zaid,Pune,Watermelon
28.7,85.9,75.63333391551613,112,60,57,6.1,121.7,Red,Kharif,Nashik,Banana
9.5,95.7,87.1702443265395,32,26,10,7.5,113.4,Red,Kharif,Nashik,Orange
29.7,87.1,76.48584794431748,19,8,39,5.8,148.5,Loamy,Kharif,Kolkata,Coconut
24.4,94.5,88.51412217526813,114,6,46,6.4,29.0,Black,Zaid,Mumbai,Muskmelon
35.9,90.6,76.51194563710966,31,29,14,5.8,118.8,Black,Rabi,Ahmedabad,Orange
27.1,42.0,34.911554318998824,16,33,39,4.7,106.5,Clay,Zaid,Nashik,Mango
14.9,90.7,78.55296093208237,24,126,193,6.3,122.1,Red,Rabi,Nashik,Apple
26.6,65.6,52.409111922744785,35,31,18,7.1,59.2,Clay,Zaid,Ahmedabad,Mungbean
24.2,95.1,88.20268659583792,110,18,48,5.9,27.3,Clay,Zaid,Hyderabad,Muskmelon
21.3,70.0,58.62890459763027,20,50,26,5.6,53.1,Clay,Kharif,Pune,Lentil
26.4,54.7,46.4343853171132,22,13,23,6.0,83.2,Loamy,Zaid,Chennai,Mango
24.1,74.9,69.66963982374841,62,32,46,7.1,139.7,Red,Kharif,Pune,Jute
26.9,68.3,53.902475845209,62,41,37,7.2,140.0,Black,Kharif,Bangalore,Jute
27.8,90.3,83.87625532830883,94,13,43,6.8,45.1,Red,Zaid,Delhi,Watermelon
24.8,94.6,84.06907733456438,46,48,46,6.8,160.5,Red,Kharif,Ahmedabad,Papaya
33.2,59.2,51.816372219524034,35,69,26,7.1,78.5,Clay,Kharif,Bangalore,Blackgram
26.7,87.0,80.02351734831515,60,63,45,6.3,216.6,Red,Kharif,Hyderabad,Papaya
29.1,65.2,53.98299286649956,38,61,28,7.2,45.1,Clay,Rabi,Hyderabad,Mungbean
30.3,68.1,56.89768542366918,16,48,17,6.6,31.2,Red,Kharif,Bangalore,Mungbean
26.4,80.9,66.58301064843302,114,72,55,5.6,101.3,Black,Zaid,Mumbai,Banana
27.4,88.1,73.54242686656114,108,23,51,6.1,60.2,Clay,Zaid,Kolkata,Watermelon
25.3,87.8,82.04298865316531,119,16,49,6.9,50.2,Clay,Zaid,Ahmedabad,Watermelon
20.4,85.9,79.48153880022241,61,62,38,6.1,205.8,Clay,Kharif,Ahmedabad,Rice
26.0,52.3,39.15553324420148,31,82,23,6.6,94.5,Red,Kharif,Kolkata,Pigeonpeas
17.0,65.9,52.275136804991405,29,55,73,5.9,30.8,Black,Rabi,Kolkata,Chickpea
27.8,68.6,63.12883410832888,124,18,37,6.2,170.1,Red,Kharif,Chennai,Coffee
30.1,52.9,45.343614180646206,22,37,14,8.6,67.7,Loamy,Rabi,Hyderabad,Mothbeans
26.6,97.6,90.0,93,19,41,7.0,36.6,Black,Zaid,Mumbai,Watermelon
22.4,64.6,52.25307661152184,116,39,34,6.3,187.0,Red,Zaid,Nashik,Coffee
28.0,68.0,61.74280317886256,44,55,21,4.3,35.1,Clay,Kharif,Chennai,Mothbeans
29.3,50.1,38.49314835814749,26,37,14,6.9,70.4,Red,Kharif,Mumbai,Mothbeans
22.4,82.3,67.97276960744234,84,58,44,7.1,211.5,Loamy,Kharif,Delhi,Rice
23.1,87.5,78.03786617894461,93,28,42,7.0,57.8,Clay,Zaid,Mumbai,Watermelon
24.3,97.1,85.77131416158768,109,23,46,5.7,24.3,Clay,Zaid,Chennai,Muskmelon
25.2,49.5,36.45990730294719,131,59,19,7.5,89.8,Loamy,Kharif,Nashik,Cotton
22.4,95.0,89.94498344210756,28,17,19,7.0,126.2,Red,Kharif,Ahmedabad,Orange
29.0,95.6,87.35943738762717,31,17,29,5.9,181.1,Black,Kharif,Kolkata,Coconut
26.0,90.0,75.76650414298666,85,15,44,7.1,53.9,Loamy,Zaid,Mumbai,Watermelon
27.3,73.5,66.94611081110484,116,69,51,5.7,120.3,Black,Kharif,Nashik,Banana
19.3,83.4,76.75395054530874,22,34,40,6.8,101.7,Black,Zaid,Hyderabad,Pomegranate
24.5,94.3,79.90018486695644,16,30,32,5.5,111.6,Clay,Rabi,Nagpur,Pomegranate
24.0,26.7,16.24775936933689,18,62,22,5.8,60.1,Black,Kharif,Mumbai,Kidneybeans
24.7,87.3,73.66256805471698,94,34,56,5.4,31.1,Clay,Zaid,Hyderabad,Muskmelon
24.1,31.5,24.057840780012008,19,81,20,6.0,148.3,Red,Rabi,Mumbai,Kidneybeans
27.2,60.8,49.26713287041433,39,35,14,6.5,55.5,Red,Kharif,Chennai,Mungbean
29.4,54.8,45.173262921778715,36,20,31,5.8,91.4,Loamy,Zaid,Pune,Mango
26.9,77.1,63.34394421657744,84,35,48,5.4,149.4,Clay,Kharif,Mumbai,Jute
28.5,90.3,84.42488974743331,117,20,57,5.6,19.5,Loamy,Zaid,Pune,Muskmelon
27.1,72.5,58.208575448544615,22,57,18,6.4,59.1,Clay,Kharif,Ahmedabad,Mungbean
20.0,60.5,51.342594308156,74,40,21,5.5,92.7,Loamy,Kharif,Ahmedabad,Maize
23.5,97.7,89.86763494665661,47,56,59,5.9,122.2,Clay,Rabi,Delhi,Papaya
24.9,92.7,80.9323956919328,110,24,58,5.7,25.9,Loamy,Zaid,Mumbai,Muskmelon
22.9,95.8,87.11059601461567,23,16,30,5.7,105.2,Red,Kharif,Chennai,Pomegranate
29.5,88.5,75.868933247095,15,26,32,6.7,182.3,Red,Zaid,Hyderabad,Coconut
29.3,88.4,77.53532871089192,23,33,6,6.0,125.7,Loamy,Rabi,Delhi,Orange
30.3,69.9,63.04619242239942,60,73,20,7.6,65.8,Clay,Kharif,Mumbai,Blackgram
27.0,62.6,51.856730956105224,33,52,16,6.7,51.1,Red,Kharif,Bangalore,Mungbean
26.6,92.2,79.76727273646654,113,11,55,5.5,29.3,Black,Zaid,Delhi,Muskmelon
18.5,58.5,52.233036886926556,28,55,77,5.7,38.0,Black,Rabi,Ahmedabad,Chickpea
26.9,87.2,82.09021664910907,36,125,194,5.6,73.5,Clay,Zaid,Ahmedabad,Grapes
18.6,59.7,50.77147280588987,36,77,13,4.4,98.8,Red,Rabi,Nashik,Pigeonpeas
32.2,59.4,50.300349677869846,53,57,28,7.1,79.3,Red,Zaid,Nashik,Blackgram
17.1,28.1,14.839996507654496,44,55,28,5.3,131.7,Red,Kharif,Mumbai,Kidneybeans
16.5,24.0,16.38282726010264,21,59,19,5.5,82.2,Loamy,Zaid,Nashik,Kidneybeans
22.7,59.6,53.446634859934385,18,66,27,7.0,34.0,Red,Zaid,Delhi,Lentil
22.1,47.8,38.024836843875825,30,77,86,5.9,53.0,Red,Rabi,Bangalore,Chickpea
21.6,57.5,51.53232104611503,28,68,72,6.4,44.2,Red,Rabi,Delhi,Chickpea
28.3,60.6,54.90363624747775,60,61,12,6.9,73.2,Red,Zaid,Delhi,Blackgram
25.4,54.1,45.698571354709486,116,34,23,6.0,112.1,Red,Rabi,Bangalore,Coffee
22.8,32.7,19.05023187334831,29,63,24,5.7,87.2,Black,Rabi,Chennai,Kidneybeans
21.8,98.0,88.12265069532583,39,17,11,7.3,108.9,Black,Kharif,Bangalore,Orange
28.3,94.0,83.07845068180518,34,14,30,6.5,197.5,Black,Rabi,Nagpur,Coconut
16.4,24.1,11.797753919935001,27,83,25,6.2,85.7,Black,Rabi,Hyderabad,Kidneybeans
22.3,72.1,65.5310693034554,35,57,81,6.5,61.5,Red,Rabi,Mumbai,Chickpea
20.4,66.6,60.26332415157048,42,52,74,6.2,38.6,Black,Rabi,Delhi,Chickpea
34.0,91.1,82.64748792154553,35,30,13,6.4,99.7,Black,Kharif,Ahmedabad,Orange
26.5,67.0,58.11724536609787,41,62,13,6.1,59.6,Black,Kharif,Mumbai,Mungbean
23.4,95.8,86.97134381638764,89,13,57,6.6,42.1,Clay,Zaid,Nagpur,Watermelon
24.8,55.4,50.05093476604266,125,60,29,6.2,57.0,Clay,Kharif,Ahmedabad,Cotton
28.4,57.9,42.94695039849453,34,45,27,8.0,57.7,Clay,Zaid,Hyderabad,Mothbeans
20.8,81.8,75.2521591333881,40,129,205,6.4,68.5,Loamy,Rabi,Hyderabad,Grapes
26.9,87.4,76.45148438202966,62,53,46,6.2,178.1,Clay,Kharif,Mumbai,Rice
18.4,18.6,12.760167960625177,24,57,26,6.0,153.7,Clay,Zaid,Bangalore,Kidneybeans
25.6,82.2,71.04122188625567,78,62,42,6.7,204.9,Red,Kharif,Chennai,Rice
29.3,95.6,83.38238791580392,43,19,30,6.1,173.9,Black,Rabi,Pune,Coconut
23.9,49.2,35.83700285597162,114,57,18,7.6,67.0,Red,Kharif,Pune,Cotton
25.2,69.8,59.16306730525763,64,46,20,6.5,100.7,Loamy,Kharif,Ahmedabad,Maize
19.8,86.6,81.54693967506797,90,34,46,5.8,223.9,Red,Kharif,Bangalore,Rice
24.8,92.9,79.68481101204101,108,34,50,6.0,34.7,Black,Zaid,Pune,Muskmelon
27.3,97.3,85.11733332367405,101,20,41,6.0,33.0,Loamy,Zaid,Bangalore,Muskmelon
25.3,89.0,83.97643545356947,103,28,46,6.3,35.6,Clay,Zaid,Nashik,Watermelon
20.7,82.3,72.2532894238488,84,33,32,7.0,181.8,Clay,Kharif,Nashik,Rice
7.6,97.8,85.94956940657698,23,123,193,6.6,105.1,Black,Rabi,Mumbai,Apple
27.8,83.9,73.2894119714642,120,99,45,5.8,111.1,Black,Zaid,Nashik,Banana
23.4,84.3,74.63162139359935,84,56,46,6.7,209.5,Black,Kharif,Kolkata,Rice
9.4,90.7,83.43313803537139,27,135,207,6.0,124.2,Black,Kharif,Nagpur,Apple
17.0,53.3,42.86241132497813,19,56,89,6.4,52.8,Loamy,Rabi,Delhi,Chickpea
22.3,69.1,54.25890936308874,21,68,12,6.1,56.9,Loamy,Zaid,Chennai,Lentil
29.4,49.3,38.33044720542272,15,83,22,5.7,98.3,Loamy,Rabi,Delhi,Pigeonpeas
19.5,88.0,77.4748703144743,90,58,42,6.6,188.3,Loamy,Kharif,Kolkata,Rice
27.8,72.5,61.41241152631402,10,54,21,6.5,40.0,Black,Zaid,Bangalore,Lentil
24.8,61.9,55.7466227959593,8,56,28,6.6,54.4,Loamy,Rabi,Chennai,Lentil
25.2,63.5,55.85175279909383,143,60,24,6.2,80.3,Black,Kharif,Pune,Cotton
19.8,51.9,46.62224386219019,35,79,19,5.6,96.0,Red,Zaid,Mumbai,Pigeonpeas
23.5,91.4,81.79438475413012,42,23,46,6.0,99.4,Red,Zaid,Mumbai,Pomegranate
28.4,57.9,43.05933223611841,44,47,24,6.8,39.1,Red,Kharif,Nagpur,Mungbean
30.1,45.6,33.51903020717006,21,37,28,5.9,81.4,Black,Rabi,Kolkata,Mango
27.1,67.1,57.44434478341193,16,54,23,6.3,30.6,Red,Zaid,Hyderabad,Mungbean
25.4,19.4,10.0,37,77,17,5.4,109.1,Black,Zaid,Hyderabad,Kidneybeans
24.9,92.7,79.69048227383439,108,13,44,7.0,45.3,Red,Zaid,Mumbai,Watermelon
25.0,92.2,80.78271067689973,92,28,58,6.5,42.5,Clay,Zaid,Delhi,Watermelon
24.2,92.6,83.84290303022861,87,5,59,5.9,45.1,Loamy,Zaid,Kolkata,Watermelon
26.8,95.0,82.81508428921998,59,68,56,6.4,184.7,Clay,Kharif,Nagpur,Papaya
30.8,70.6,60.51915300818785,30,63,23,6.4,45.6,Red,Zaid,Kolkata,Mungbean
27.0,91.3,77.18992885628238,17,31,6,6.4,129.8,Black,Rabi,Hyderabad,Orange
30.2,58.3,46.47611558426023,36,61,21,7.7,75.2,Red,Kharif,Bangalore,Blackgram
25.8,93.2,84.17543973260626,36,31,21,6.7,216.8,Black,Kharif,Pune,Coconut
29.0,83.1,72.74085659535189,107,94,44,6.6,118.0,Loamy,Kharif,Chennai,Banana
29.7,58.2,44.63992377522449,23,62,14,6.7,145.9,Clay,Kharif,Pune,Pigeonpeas
25.9,68.0,62.87677791414322,48,72,11,7.7,74.8,Black,Kharif,Nagpur,Blackgram
21.1,97.2,83.05866625725689,24,16,14,6.0,118.9,Black,Zaid,Ahmedabad,Orange
23.9,92.8,84.75095589290765,106,24,54,6.3,55.9,Loamy,Zaid,Nashik,Watermelon
26.4,97.6,83.87011331671405,109,33,46,5.5,16.8,Clay,Zaid,Ahmedabad,Muskmelon
23.8,66.0,51.06870888379005,106,26,34,6.4,147.2,Clay,Kharif,Kolkata,Coffee
25.4,65.1,56.89148025459622,98,14,38,6.5,164.6,Clay,Rabi,Delhi,Coffee
27.6,70.9,64.74870466698259,63,33,22,6.0,79.1,Loamy,Kharif,Hyderabad,Maize
18.1,54.1,46.90069502647233,38,65,87,5.7,38.4,Black,Rabi,Kolkata,Chickpea
5.0,96.4,88.19401757023061,36,122,191,5.4,109.6,Loamy,Zaid,Bangalore,Apple
25.9,83.7,69.65334455347251,78,60,49,6.5,153.7,Clay,Kharif,Bangalore,Jute
26.7,50.4,42.52663586471617,16,38,21,6.3,86.0,Red,Kharif,Pune,Mango
25.2,96.9,90.0,57,41,53,7.2,159.8,Loamy,Kharif,Ahmedabad,Papaya
22.6,62.6,57.494847320699584,24,59,17,6.2,101.4,Black,Rabi,Mumbai,Pigeonpeas
24.2,62.8,55.7108483761807,23,55,20,7.1,97.5,Black,Zaid,Kolkata,Pigeonpeas
25.2,49.0,42.64182067171421,117,54,14,7.4,90.9,Loamy,Kharif,Chennai,Cotton
26.2,65.8,53.211706394895685,12,72,24,5.5,40.5,Loamy,Kharif,Hyderabad,Lentil
22.6,57.1,51.25326688813515,10,66,21,6.7,52.0,Loamy,Rabi,Pune,Lentil
19.1,78.2,66.55491712015736,67,30,48,6.5,214.0,Red,Kharif,Delhi,Rice
27.1,92.9,82.37464243937765,44,26,21,6.3,198.9,Red,Rabi,Hyderabad,Coconut
29.7,55.1,48.46829282945823,36,31,33,6.3,106.6,Clay,Rabi,Nagpur,Mango
23.8,93.3,87.69714328158041,105,5,50,6.4,51.8,Clay,Zaid,Nagpur,Watermelon
17.4,60.7,53.03655907528794,17,82,11,4.7,96.8,Red,Zaid,Pune,Pigeonpeas
29.5,59.0,51.50350973164511,42,77,20,6.6,78.6,Red,Kharif,Ahmedabad,Blackgram
28.9,57.6,49.831928001230594,23,13,35,4.5,83.6,Clay,Rabi,Mumbai,Mango
27.7,74.3,65.85956664239973,113,85,57,6.3,89.0,Clay,Zaid,Chennai,Banana
19.9,59.9,45.409482241957186,37,70,25,5.5,138.7,Clay,Rabi,Chennai,Pigeonpeas
25.8,68.4,57.75245406519377,123,12,32,6.6,163.2,Red,Rabi,Delhi,Coffee
19.5,56.3,50.31823578446253,18,63,87,6.6,30.1,Red,Rabi,Chennai,Chickpea
25.0,83.0,68.26414516951147,112,94,48,5.6,106.9,Black,Rabi,Pune,Banana
27.6,75.2,70.17843265641883,87,78,58,5.6,108.9,Loamy,Rabi,Hyderabad,Banana
17.8,93.7,86.43541666725966,17,32,46,7.1,105.2,Clay,Kharif,Mumbai,Pomegranate
16.7,70.4,60.25139195624564,41,64,81,6.1,34.8,Black,Rabi,Chennai,Chickpea
5.0,94.1,81.10980114682192,42,136,208,6.2,116.3,Black,Zaid,Nagpur,Apple
20.5,46.5,33.988843582129036,19,68,26,5.7,112.3,Loamy,Zaid,Nashik,Pigeonpeas
24.9,87.5,78.76474686286298,107,24,55,6.3,26.4,Red,Zaid,Ahmedabad,Muskmelon
28.3,54.2,40.02854880925575,32,19,26,4.6,102.0,Red,Zaid,Chennai,Mango
27.6,66.0,54.79387879389663,93,36,35,6.5,105.8,Black,Zaid,Kolkata,Coffee
22.1,62.6,48.87405992538696,20,84,11,6.7,30.5,Clay,Rabi,Ahmedabad,Lentil
24.5,48.0,34.47269663957727,42,57,14,8.3,32.5,Red,Zaid,Kolkata,Mothbeans
23.8,55.7,49.26546413977448,106,24,39,6.0,148.2,Clay,Rabi,Mumbai,Coffee
19.7,94.2,81.97292089560662,31,24,19,7.1,110.0,Clay,Kharif,Nashik,Orange
21.2,30.6,18.736503882979854,18,58,24,5.9,124.6,Red,Kharif,Delhi,Kidneybeans
18.4,61.7,53.42720901353255,35,58,70,5.4,47.0,Black,Rabi,Pune,Chickpea
20.4,58.6,48.38892988077068,23,60,15,5.9,33.1,Clay,Zaid,Ahmedabad,Lentil
33.5,58.0,52.83824737783797,32,24,37,5.4,85.0,Red,Rabi,Hyderabad,Mango
18.8,32.0,19.883459030188142,37,79,22,5.7,111.0,Clay,Rabi,Pune,Kidneybeans
27.1,83.1,70.88599687672256,105,84,59,5.8,97.3,Black,Kharif,Mumbai,Banana
20.1,56.8,45.12214147023204,28,58,86,6.7,58.4,Black,Rabi,Chennai,Chickpea
25.6,46.4,39.10709920839336,33,63,13,5.2,148.2,Red,Kharif,Hyderabad,Pigeonpeas
5.0,90.7,78.44927633049403,34,121,192,6.7,113.0,Loamy,Kharif,Delhi,Apple
7.8,94.5,85.49643468575607,24,139,191,5.7,123.3,Red,Kharif,Ahmedabad,Apple
28.1,82.6,74.23140262352769,17,127,198,5.6,77.4,Loamy,Zaid,Hyderabad,Grapes
25.3,25.1,18.066511834552966,32,72,23,5.8,63.2,Red,Rabi,Ahmedabad,Kidneybeans
31.7,51.3,38.35885272358633,29,32,27,6.0,91.8,Red,Rabi,Delhi,Mango
30.6,58.6,47.43290151709205,43,51,24,7.0,75.1,Red,Rabi,Nagpur,Blackgram
25.9,90.9,77.12962052804694,44,48,59,6.8,195.4,Red,Rabi,Mumbai,Papaya
5.0,91.0,82.66201710194373,29,145,208,5.7,96.8,Red,Zaid,Chennai,Apple
28.9,95.1,84.24699471830252,86,25,40,6.2,32.9,Loamy,Zaid,Pune,Muskmelon
22.8,21.2,10.61950566845406,17,66,14,5.7,102.2,Red,Kharif,Delhi,Kidneybeans
25.0,92.6,79.17188395513675,57,54,51,6.8,156.1,Black,Kharif,Pune,Papaya
25.5,85.5,73.99572841611422,39,136,209,6.4,82.5,Clay,Rabi,Kolkata,Grapes
19.6,85.7,72.3918087054482,25,139,199,6.5,77.2,Loamy,Kharif,Nashik,Grapes
25.1,62.5,49.20414929758618,55,65,10,6.7,55.2,Black,Rabi,Bangalore,Blackgram
21.9,87.7,78.37206538570653,42,23,46,5.6,96.3,Black,Zaid,Nagpur,Pomegranate
20.1,96.3,86.06019920399608,22,17,13,7.3,96.6,Clay,Zaid,Nashik,Orange
29.9,63.9,52.135954238094676,29,74,15,4.8,85.0,Black,Rabi,Kolkata,Pigeonpeas
20.7,67.9,60.98865583592244,59,32,23,5.6,96.2,Clay,Kharif,Mumbai,Maize
22.9,72.8,65.35940635334086,124,40,29,6.6,66.4,Red,Kharif,Nagpur,Cotton
22.6,66.6,55.14930142492484,29,73,16,7.1,57.1,Clay,Zaid,Chennai,Lentil
22.6,94.6,81.82436966943864,33,18,5,7.4,107.1,Black,Kharif,Nashik,Orange
27.2,62.4,55.3198552403066,115,31,23,7.1,140.0,Clay,Kharif,Chennai,Coffee
26.4,65.1,54.85652311814941,64,53,26,6.5,76.3,Clay,Kharif,Ahmedabad,Blackgram
15.8,28.7,14.677571587372716,39,83,10,5.9,86.1,Loamy,Zaid,Pune,Kidneybeans
23.6,70.0,61.530232709324586,127,44,25,6.1,61.3,Red,Kharif,Pune,Cotton
5.0,93.3,84.44779459487374,27,118,202,5.4,105.9,Clay,Rabi,Bangalore,Apple
27.8,96.8,88.66508210494099,41,54,56,6.3,168.4,Loamy,Rabi,Kolkata,Papaya
24.8,61.9,51.9411823537526,44,69,16,6.5,73.1,Clay,Kharif,Pune,Blackgram
15.2,29.9,18.771464656132267,29,72,13,5.8,152.6,Black,Zaid,Chennai,Kidneybeans
27.1,51.5,41.0871557257937,27,36,36,5.1,109.8,Loamy,Rabi,Chennai,Mango
24.3,55.7,47.94603058818183,30,32,26,3.9,46.8,Loamy,Zaid,Bangalore,Mothbeans
5.0,88.9,79.24844562663654,37,139,192,5.4,101.0,Red,Rabi,Nashik,Apple
25.1,97.4,84.37202177594655,23,17,32,5.8,185.5,Red,Rabi,Ahmedabad,Coconut
24.0,92.1,84.50858779232438,51,52,51,5.8,170.8,Clay,Kharif,Mumbai,Papaya
28.7,48.7,39.84386963984709,25,83,22,6.7,108.3,Red,Zaid,Delhi,Pigeonpeas
24.6,93.3,87.38396117642691,28,24,5,6.9,96.3,Black,Kharif,Nashik,Orange
10.3,94.7,79.9152640447823,16,19,7,6.5,102.3,Red,Rabi,Nagpur,Orange
27.8,65.7,55.47476921372957,92,56,25,6.2,98.0,Loamy,Kharif,Kolkata,Maize
25.2,91.7,76.82792983828483,87,11,53,6.5,15.0,Red,Zaid,Hyderabad,Muskmelon
20.0,68.9,59.246422161409946,15,53,29,6.0,45.6,Loamy,Kharif,Ahmedabad,Lentil
25.8,46.6,34.25561486398246,18,54,27,7.5,59.6,Clay,Rabi,Pune,Mothbeans
27.4,88.8,78.29074162744907,51,43,40,6.2,146.3,Black,Rabi,Nagpur,Papaya
15.0,28.2,21.60078863157407,16,68,24,5.5,87.1,Black,Rabi,Kolkata,Kidneybeans
18.9,26.8,12.24487402989569,33,64,18,5.5,89.5,Loamy,Kharif,Delhi,Kidneybeans
23.3,82.8,75.4012399137092,80,49,40,6.9,145.2,Red,Kharif,Kolkata,Jute
27.2,50.6,37.304947201082555,107,18,31,6.1,111.0,Black,Rabi,Hyderabad,Coffee
26.5,87.3,75.03521307386329,95,12,51,6.9,48.9,Clay,Zaid,Nagpur,Watermelon
30.7,93.5,79.80264906534971,15,13,16,6.0,133.0,Red,Kharif,Nashik,Orange
24.6,78.5,63.568079121963514,85,55,42,6.2,163.5,Red,Kharif,Mumbai,Jute
26.0,57.0,46.595219655667265,41,48,12,6.9,43.5,Black,Kharif,Kolkata,Mungbean
29.3,70.3,62.18492392721924,25,64,26,6.5,58.8,Red,Zaid,Chennai,Mungbean
24.5,87.6,79.43207381581549,31,26,32,6.3,208.3,Black,Zaid,Bangalore,Coconut
26.9,73.7,67.77000570945007,93,30,45,5.6,173.3,Black,Kharif,Chennai,Jute
19.8,64.3,54.077649463173735,34,58,85,6.7,44.3,Loamy,Rabi,Hyderabad,Chickpea
29.2,96.9,82.67306129204137,92,30,52,6.0,33.3,Clay,Zaid,Bangalore,Muskmelon
18.0,68.2,61.77527935998274,24,72,89,5.6,63.2,Clay,Rabi,Hyderabad,Chickpea
24.6,94.9,86.89917124660839,42,28,39,5.8,105.8,Loamy,Zaid,Mumbai,Pomegranate
25.1,91.4,78.72988064741428,88,9,49,5.4,26.7,Red,Zaid,Bangalore,Muskmelon
24.4,50.2,36.645867965557585,28,53,25,7.1,96.5,Loamy,Kharif,Ahmedabad,Pigeonpeas
26.5,71.8,65.89516447434988,127,35,13,7.0,57.2,Loamy,Kharif,Nashik,Cotton
19.0,68.1,59.17468972301729,5,58,19,5.5,46.3,Red,Zaid,Ahmedabad,Lentil
33.3,93.8,83.78528157623259,18,17,14,6.8,96.7,Clay,Zaid,Delhi,Orange
27.3,65.3,55.45600491162229,56,48,14,6.8,101.2,Loamy,Kharif,Nashik,Maize
17.3,52.0,40.394001912788404,15,69,78,5.6,30.0,Black,Rabi,Delhi,Chickpea
23.6,94.6,89.5189583291764,102,20,56,6.7,44.1,Black,Zaid,Hyderabad,Watermelon
21.2,93.8,85.83477318423779,24,33,44,6.8,96.1,Black,Zaid,Delhi,Pomegranate
24.8,89.4,80.01755609666975,30,15,36,7.0,111.9,Loamy,Zaid,Nashik,Pomegranate
22.4,29.8,20.193720594086727,19,65,15,6.2,147.6,Loamy,Rabi,Mumbai,Kidneybeans
5.0,94.8,89.3138650813476,43,122,203,6.2,112.0,Clay,Zaid,Chennai,Apple
16.0,92.2,77.66834464685327,21,28,16,7.5,97.9,Black,Rabi,Kolkata,Orange
5.0,90.4,84.18965381237211,31,120,202,6.5,108.3,Clay,Zaid,Hyderabad,Apple
26.1,67.8,58.08192232867637,29,43,11,6.4,31.9,Loamy,Rabi,Delhi,Mungbean
27.9,60.4,47.476662994508104,31,30,17,6.9,31.2,Red,Zaid,Bangalore,Mungbean
26.3,84.1,75.03942461635853,72,52,39,6.7,147.5,Clay,Kharif,Kolkata,Jute
20.3,60.7,50.933764553203176,86,51,27,5.9,94.9,Black,Kharif,Hyderabad,Maize
28.0,63.0,53.1534772567757,42,62,17,6.1,51.8,Black,Kharif,Pune,Mungbean
25.6,87.5,82.25705749361902,36,131,207,6.1,70.6,Loamy,Kharif,Kolkata,Grapes
22.3,66.8,57.13559542638471,31,55,85,5.5,62.2,Black,Rabi,Delhi,Chickpea
24.0,56.3,46.70105000868413,21,37,18,7.9,63.7,Red,Kharif,Bangalore,Mothbeans
24.9,76.5,67.82725971244382,85,76,41,6.6,89.5,Red,Rabi,Hyderabad,Banana
25.7,86.6,79.28219707255651,42,21,43,6.8,95.6,Loamy,Zaid,Mumbai,Pomegranate
20.6,49.9,43.23200210957219,16,66,88,6.6,62.5,Loamy,Rabi,Ahmedabad,Chickpea
21.8,87.3,82.03152157300653,37,20,34,6.1,109.9,Clay,Kharif,Pune,Pomegranate
20.8,28.9,17.76831978096702,33,74,28,5.9,145.8,Black,Kharif,Pune,Kidneybeans
25.1,53.3,44.17025577258424,105,10,21,6.0,149.4,Loamy,Zaid,Kolkata,Coffee
23.2,55.3,49.63334511052418,86,63,13,7.2,83.3,Loamy,Kharif,Kolkata,Maize
26.6,71.1,56.70391243752421,29,60,28,6.9,59.3,Red,Rabi,Kolkata,Mungbean
17.7,62.4,54.00878397124943,31,59,76,5.6,64.7,Clay,Rabi,Hyderabad,Chickpea
30.0,47.8,36.23552369203232,20,64,18,6.7,28.6,Black,Rabi,Kolkata,Mothbeans
5.0,87.8,82.34531582860505,42,124,203,5.8,107.5,Loamy,Kharif,Nagpur,Apple
29.4,91.2,77.2685940367158,106,8,51,5.7,23.4,Red,Zaid,Hyderabad,Muskmelon
30.1,91.7,85.69650678578832,33,33,19,6.9,105.0,Clay,Kharif,Delhi,Orange
9.2,97.4,84.83706476541056,30,118,203,6.2,98.1,Black,Zaid,Nashik,Apple
19.8,68.9,55.07876655650389,26,69,80,6.1,25.8,Loamy,Rabi,Delhi,Chickpea
28.2,60.2,48.90116974604392,25,57,26,6.3,31.6,Clay,Rabi,Nagpur,Mungbean
25.1,60.6,52.4951949929426,10,65,10,5.6,54.5,Loamy,Zaid,Hyderabad,Lentil
26.1,90.7,81.5377251841083,33,11,23,6.3,152.6,Black,Kharif,Ahmedabad,Coconut
24.4,68.0,55.78779947950484,102,20,22,5.8,128.9,Loamy,Rabi,Delhi,Coffee
25.9,91.0,83.19276244844075,115,31,59,6.5,41.2,Loamy,Zaid,Ahmedabad,Watermelon
27.7,93.5,84.31133465813124,91,34,42,6.3,26.6,Red,Zaid,Bangalore,Muskmelon
18.5,30.3,17.54243141386446,34,66,27,5.7,126.4,Black,Rabi,Nagpur,Kidneybeans
25.5,89.3,74.81319383536473,49,54,55,6.7,140.7,Red,Zaid,Nashik,Papaya
19.2,80.6,67.78375396482308,74,52,49,7.0,215.3,Red,Kharif,Ahmedabad,Rice
27.9,55.6,44.13340899381373,94,36,26,6.8,123.5,Black,Rabi,Nashik,Coffee
25.8,89.5,77.88161752944859,88,28,57,6.1,43.4,Clay,Zaid,Nashik,Watermelon
13.7,92.3,81.58053209103326,38,144,195,6.1,120.8,Loamy,Zaid,Bangalore,Apple
26.9,77.6,65.98844793562972,78,63,40,5.8,166.6,Black,Kharif,Hyderabad,Jute
27.5,89.0,81.34894254483484,88,23,42,7.1,45.1,Red,Zaid,Chennai,Watermelon
21.5,85.9,80.35220453479943,55,58,31,6.4,193.7,Red,Kharif,Ahmedabad,Rice
22.6,97.8,89.63628066734086,46,51,44,6.2,143.4,Clay,Rabi,Nashik,Papaya
30.7,44.5,38.46262680135501,28,18,34,5.2,85.4,Black,Zaid,Chennai,Mango
23.5,51.1,44.27264856051447,16,67,25,7.1,113.0,Loamy,Zaid,Nashik,Pigeonpeas
5.0,91.9,84.70249359826423,16,143,202,6.2,109.6,Clay,Kharif,Delhi,Apple
18.7,25.5,18.808819967256227,31,61,23,6.0,82.5,Loamy,Rabi,Bangalore,Kidneybeans
31.6,95.4,82.3418564668128,41,21,12,7.4,105.4,Red,Kharif,Chennai,Orange
27.5,72.1,65.67970092121529,93,62,44,6.1,90.1,Loamy,Kharif,Ahmedabad,Banana
23.7,61.0,46.20400462441181,82,47,16,6.6,90.1,Black,Kharif,Delhi,Maize
28.4,87.6,82.18040066621714,29,11,37,5.4,197.6,Red,Rabi,Bangalore,Coconut
22.9,70.1,57.55032182795127,114,28,35,6.4,169.4,Clay,Zaid,Ahmedabad,Coffee
24.7,94.5,86.3942652665144,50,40,42,6.0,115.4,Black,Zaid,Kolkata,Papaya
22.7,94.2,80.03780206352621,43,25,40,5.3,114.3,Red,Zaid,Ahmedabad,Pomegranate
26.7,67.2,54.151903346291995,105,23,33,6.2,163.7,Red,Zaid,Mumbai,Coffee
28.7,57.4,50.07692060916048,27,35,20,6.5,55.2,Red,Rabi,Ahmedabad,Mothbeans
22.5,72.3,65.45270531693701,59,30,37,6.6,179.4,Clay,Kharif,Chennai,Jute
26.8,75.8,61.08849104408061,68,30,46,6.7,165.7,Loamy,Kharif,Chennai,Jute
20.8,84.6,76.11960847036964,67,39,37,6.3,176.4,Clay,Kharif,Chennai,Rice
19.4,85.7,71.75001681532746,39,128,204,5.9,78.3,Loamy,Kharif,Delhi,Grapes
33.4,91.8,82.47703758575256,37,28,19,7.1,129.2,Loamy,Zaid,Chennai,Orange
24.7,25.1,13.978835312165057,18,74,28,6.2,129.2,Black,Zaid,Nashik,Kidneybeans
25.1,65.1,53.003145108169115,110,31,32,7.0,122.3,Red,Rabi,Hyderabad,Coffee
22.3,84.8,76.92591602599968,22,135,200,6.7,59.9,Clay,Zaid,Nashik,Grapes
23.3,62.8,53.59326075876772,86,53,13,5.7,100.7,Loamy,Kharif,Mumbai,Maize
26.3,56.3,46.385695601407996,123,15,28,6.3,179.2,Loamy,Kharif,Nashik,Coffee
22.6,68.4,58.036147464358045,118,43,22,6.4,58.1,Red,Kharif,Pune,Cotton
22.8,84.3,79.19726982601767,34,21,42,5.6,118.3,Clay,Zaid,Nashik,Pomegranate
24.7,79.0,64.40655632113895,67,63,49,6.7,194.0,Clay,Kharif,Ahmedabad,Rice
24.8,75.8,70.54430547096256,104,60,54,5.7,109.9,Loamy,Kharif,Pune,Banana
24.9,76.9,70.00704953481917,114,66,46,5.7,95.8,Red,Kharif,Kolkata,Banana
23.7,87.2,78.6433640967227,25,115,193,5.8,65.3,Loamy,Rabi,Pune,Grapes
16.9,89.2,76.70471262080605,30,15,7,6.6,130.4,Black,Kharif,Delhi,Orange
24.4,70.5,56.5570732543756,20,68,11,6.1,54.9,Black,Zaid,Mumbai,Lentil
24.4,72.6,63.86489926631549,76,34,16,5.5,72.1,Loamy,Kharif,Kolkata,Maize
24.4,60.7,54.76142105457697,26,38,16,6.9,35.2,Clay,Rabi,Mumbai,Mothbeans
20.9,72.2,61.622455103618506,21,56,70,5.8,29.4,Loamy,Rabi,Bangalore,Chickpea
23.7,84.8,72.54836334129504,32,24,35,5.9,98.7,Loamy,Kharif,Nashik,Pomegranate
26.2,89.3,79.82258747578267,59,54,45,7.2,212.6,Red,Kharif,Chennai,Papaya
28.8,88.2,76.31629407243076,22,8,32,5.9,224.9,Red,Zaid,Nagpur,Coconut
27.4,59.2,49.274209018094226,35,42,21,5.8,60.7,Red,Kharif,Delhi,Mungbean
25.1,60.4,54.52483573027155,31,31,12,6.5,35.1,Loamy,Kharif,Chennai,Mothbeans
19.2,79.4,67.38626524339867,24,134,198,6.0,61.2,Black,Rabi,Nashik,Grapes
5.0,87.7,79.24221942728202,24,126,195,6.1,117.9,Clay,Zaid,Hyderabad,Apple
18.6,53.8,44.51007819259566,33,69,85,6.4,25.4,Clay,Rabi,Kolkata,Chickpea
30.8,57.7,48.19489570244086,29,47,10,6.6,46.2,Clay,Rabi,Nagpur,Mungbean
23.8,60.4,50.69203214098969,98,45,17,6.5,94.3,Black,Kharif,Kolkata,Cotton
28.7,94.0,87.7330454655223,18,19,21,6.5,173.8,Clay,Kharif,Delhi,Coconut
26.2,88.2,78.54962607540402,85,31,47,6.2,45.8,Red,Zaid,Bangalore,Watermelon
23.1,47.0,40.93856851213195,18,47,21,4.4,51.6,Black,Rabi,Chennai,Mothbeans
29.1,71.6,63.1153713348418,27,75,19,6.4,47.0,Red,Zaid,Chennai,Lentil
27.7,62.5,50.246782172134616,42,75,29,5.3,139.9,Black,Zaid,Bangalore,Pigeonpeas
24.1,92.3,86.8911970349513,36,25,41,6.5,103.7,Black,Zaid,Hyderabad,Pomegranate
34.9,47.3,38.99575599725915,15,29,30,5.8,99.9,Loamy,Zaid,Hyderabad,Mango
19.9,60.2,49.10063433615152,18,80,78,5.7,39.3,Clay,Rabi,Mumbai,Chickpea
25.8,74.9,64.07908114691095,93,41,31,5.9,167.5,Loamy,Kharif,Ahmedabad,Jute
25.8,26.4,18.5040876614275,18,57,16,5.8,105.7,Clay,Rabi,Mumbai,Kidneybeans
28.8,87.7,78.93544427946463,96,86,48,5.8,100.2,Clay,Zaid,Hyderabad,Banana
26.4,62.3,50.99343899312424,44,47,23,8.2,63.4,Clay,Zaid,Delhi,Mothbeans
25.9,81.1,71.30329094237585,122,71,53,5.6,115.2,Black,Kharif,Mumbai,Banana
28.2,95.4,86.89249393114473,33,6,9,6.0,126.6,Clay,Kharif,Kolkata,Orange
28.3,63.0,56.88639550314292,44,31,23,7.6,37.6,Red,Zaid,Bangalore,Mungbean
24.3,57.1,48.586341012822075,50,76,10,7.6,60.4,Red,Zaid,Ahmedabad,Blackgram
14.5,89.5,79.3255730730371,16,13,19,7.5,95.5,Red,Rabi,Pune,Orange
30.1,60.9,53.08097728547768,19,62,14,7.5,34.4,Black,Rabi,Chennai,Mungbean
19.5,70.3,61.933069610768555,57,32,20,6.1,81.7,Black,Kharif,Kolkata,Maize
9.6,95.1,85.20540063900629,34,132,205,5.6,123.9,Clay,Rabi,Pune,Apple
23.9,72.5,62.70383098324831,113,27,23,6.0,173.9,Black,Rabi,Ahmedabad,Coffee
21.7,53.6,44.72618498596208,81,46,25,6.5,55.1,Black,Kharif,Mumbai,Maize
25.4,30.7,25.071786370510317,26,82,26,5.7,147.4,Loamy,Zaid,Delhi,Kidneybeans
27.6,97.4,84.43362323187537,54,68,56,6.4,181.1,Loamy,Zaid,Mumbai,Papaya
18.9,72.2,59.69951207749852,25,59,75,6.5,39.8,Black,Rabi,Hyderabad,Chickpea
22.7,53.3,42.16892733466059,88,47,15,5.6,72.9,Red,Kharif,Mumbai,Maize
26.5,98.0,85.95193803189677,112,26,46,6.1,39.4,Loamy,Zaid,Ahmedabad,Watermelon
19.5,88.8,75.68405744472483,43,7,33,5.4,107.3,Red,Zaid,Chennai,Pomegranate
15.3,17.2,10.0,44,78,24,5.9,100.3,Black,Rabi,Mumbai,Kidneybeans
23.0,67.0,53.5846394385765,58,31,45,6.2,163.1,Red,Kharif,Hyderabad,Jute
24.9,49.2,39.67320731177123,129,58,18,6.6,94.9,Black,Kharif,Nagpur,Cotton
16.4,27.2,17.599210197518303,17,65,28,5.6,99.6,Clay,Zaid,Ahmedabad,Kidneybeans
30.3,58.6,45.36512022535801,43,48,14,4.1,42.9,Black,Kharif,Nashik,Mothbeans
22.1,82.2,73.41728814761265,30,121,197,6.2,78.6,Loamy,Rabi,Hyderabad,Grapes
30.0,56.9,44.466213080891364,23,34,15,4.4,65.2,Red,Zaid,Nashik,Mothbeans
26.2,67.0,59.96822787068035,89,31,10,7.0,78.7,Loamy,Kharif,Pune,Maize
30.4,67.0,58.49728683408469,29,64,18,5.9,33.8,Clay,Rabi,Chennai,Mungbean
22.9,96.7,90.0,45,45,45,6.0,199.5,Clay,Zaid,Nashik,Papaya
5.0,88.3,79.31849256894037,20,146,199,6.1,107.9,Loamy,Kharif,Ahmedabad,Apple
29.9,57.6,44.46864755312144,17,56,28,6.2,48.2,Red,Kharif,Nagpur,Mungbean
25.4,92.7,82.27193938127174,26,12,15,6.9,97.8,Black,Kharif,Chennai,Orange
23.4,59.8,51.82153715552421,11,56,23,7.0,35.3,Red,Kharif,Ahmedabad,Lentil
25.4,88.7,78.7476671551709,41,50,53,6.5,138.7,Black,Kharif,Bangalore,Papaya
26.5,94.0,87.21826642462304,102,25,49,6.2,42.8,Black,Zaid,Mumbai,Watermelon
24.0,83.9,73.97207107823931,56,30,37,6.9,206.6,Red,Kharif,Ahmedabad,Rice
18.0,32.5,18.32862726933789,40,55,24,5.6,93.3,Clay,Rabi,Hyderabad,Kidneybeans
20.5,60.7,49.53253324160465,90,40,22,5.5,60.6,Black,Kharif,Delhi,Maize
27.6,92.3,87.26982174496405,64,49,53,6.9,142.7,Clay,Rabi,Kolkata,Papaya
23.0,18.4,10.254722388708926,26,78,25,5.9,82.2,Clay,Kharif,Bangalore,Kidneybeans
32.8,46.4,38.15948565680778,37,26,38,4.4,90.5,Loamy,Zaid,Kolkata,Mango
31.4,53.9,42.30126373409516,44,17,20,4.4,92.6,Loamy,Kharif,Pune,Mango
28.0,96.6,90.0,48,47,41,5.9,120.9,Loamy,Kharif,Ahmedabad,Papaya
34.8,50.2,43.459578298772016,25,13,21,6.3,94.2,Black,Zaid,Delhi,Mango
19.4,23.9,17.69727047690651,36,60,15,5.8,79.5,Red,Zaid,Ahmedabad,Kidneybeans
26.5,55.2,40.49315562993316,40,75,10,7.6,149.7,Loamy,Rabi,Ahmedabad,Pigeonpeas
27.9,72.2,61.237584389075636,94,64,44,5.7,93.2,Red,Kharif,Nashik,Banana
22.9,52.2,39.48424638418323,22,58,13,5.1,141.5,Loamy,Rabi,Nashik,Pigeonpeas
24.3,56.2,43.78600231365114,122,18,36,6.7,139.3,Black,Zaid,Pune,Coffee
27.8,54.3,41.66984872000013,89,64,27,7.0,71.2,Clay,Kharif,Delhi,Maize
22.8,61.4,50.118470590546096,20,82,83,5.8,59.4,Black,Rabi,Kolkata,Chickpea
22.8,71.5,60.23597020992521,34,55,89,6.4,42.9,Black,Rabi,Nagpur,Chickpea
23.0,59.5,52.158413130124174,80,37,23,5.3,82.2,Red,Kharif,Kolkata,Maize
27.8,71.0,63.96492588838723,30,58,24,6.0,52.4,Clay,Kharif,Nagpur,Mungbean
25.6,61.2,48.86095458226902,33,74,19,4.3,132.7,Black,Kharif,Chennai,Pigeonpeas
27.6,57.2,46.4191046895544,23,33,21,7.6,44.7,Clay,Rabi,Nagpur,Mungbean
11.9,87.5,81.8639114817269,39,129,207,6.7,119.7,Clay,Rabi,Delhi,Apple
25.0,84.8,78.86847030342676,22,5,30,7.1,106.2,Loamy,Rabi,Hyderabad,Pomegranate
25.5,51.0,40.995564903561956,17,33,11,5.6,33.8,Black,Rabi,Nagpur,Mothbeans
27.6,93.5,87.06639570915544,41,11,30,5.8,173.6,Black,Zaid,Hyderabad,Coconut
10.3,96.7,89.63743425928656,41,31,13,7.6,104.4,Black,Rabi,Delhi,Orange
18.0,65.9,52.761390421881345,35,71,71,6.3,40.0,Clay,Rabi,Hyderabad,Chickpea
22.7,68.5,59.40960340481408,120,18,30,7.1,134.5,Loamy,Rabi,Kolkata,Coffee
30.8,56.4,43.14608171657102,15,64,12,4.2,36.2,Black,Zaid,Bangalore,Mothbeans
21.8,86.7,74.61488006017862,27,130,201,5.7,69.1,Red,Kharif,Nashik,Grapes
13.2,92.6,79.30601907444077,26,33,17,6.7,102.2,Black,Kharif,Delhi,Orange
24.7,94.8,87.40581944282474,29,10,20,5.7,205.9,Clay,Kharif,Nagpur,Coconut
5.0,90.9,83.7963964356162,40,118,197,5.4,115.1,Clay,Zaid,Delhi,Apple
28.6,73.2,64.17667744025435,114,83,40,6.6,114.2,Clay,Rabi,Pune,Banana
17.4,92.1,81.91738583230749,18,19,37,7.0,97.1,Red,Zaid,Nashik,Pomegranate
25.9,71.5,64.7470562383603,82,44,40,5.4,162.9,Loamy,Kharif,Ahmedabad,Jute
21.7,53.8,44.335394852103946,16,64,76,5.3,32.1,Clay,Rabi,Delhi,Chickpea
29.5,53.9,40.28534543720163,35,81,23,4.8,128.0,Red,Zaid,Bangalore,Pigeonpeas
23.4,76.7,62.21054807141515,91,58,32,6.3,137.6,Loamy,Kharif,Nashik,Jute
27.9,87.8,79.66409373646779,27,21,23,5.8,214.0,Red,Rabi,Delhi,Coconut
26.7,90.3,76.58280459221761,58,54,54,6.3,160.8,Black,Zaid,Kolkata,Papaya
15.3,21.5,16.441259697205798,27,69,28,5.9,132.9,Loamy,Zaid,Mumbai,Kidneybeans
24.0,69.2,59.944811544541786,44,65,17,6.8,55.1,Black,Zaid,Nagpur,Blackgram
25.3,54.1,45.02020905766283,57,47,16,6.7,91.3,Black,Kharif,Nagpur,Maize
26.5,47.8,40.21304944943411,113,39,26,5.9,150.7,Clay,Kharif,Delhi,Coffee
24.2,22.9,13.727082136757856,19,69,19,6.1,83.5,Clay,Zaid,Hyderabad,Kidneybeans
26.6,75.2,67.62959475291512,58,58,37,5.3,162.5,Loamy,Kharif,Pune,Jute
28.6,59.7,48.053720495348884,42,50,20,6.8,57.3,Loamy,Zaid,Pune,Mungbean
5.0,89.6,81.1991471105651,33,128,191,6.1,101.8,Clay,Kharif,Ahmedabad,Apple
24.3,77.6,65.1297873517792,81,52,45,7.0,177.6,Loamy,Kharif,Nashik,Jute
29.7,71.7,65.5297507857603,56,52,22,7.1,68.7,Black,Zaid,Hyderabad,Blackgram
22.7,68.1,54.160499454408814,62,49,34,6.6,181.3,Red,Kharif,Hyderabad,Jute
29.5,58.2,49.768418482531445,28,55,21,6.8,48.2,Loamy,Rabi,Delhi,Mungbean
27.1,59.7,48.80109002757891,15,47,15,7.3,42.6,Red,Zaid,Mumbai,Mungbean
27.5,67.0,60.80541742087604,30,55,23,7.0,37.8,Loamy,Zaid,Chennai,Mungbean
29.7,87.2,75.66918567860253,110,93,44,6.3,102.0,Black,Kharif,Hyderabad,Banana
25.2,57.5,45.517567765322895,27,42,11,4.0,57.1,Black,Kharif,Hyderabad,Mothbeans
28.5,93.9,82.8649599469208,100,8,44,5.5,19.6,Clay,Zaid,Ahmedabad,Muskmelon
27.4,94.7,79.70986750145504,23,13,17,7.2,119.5,Black,Kharif,Chennai,Orange
17.9,22.4,10.0,39,83,24,5.5,88.7,Red,Rabi,Chennai,Kidneybeans
24.7,51.8,43.121427568700994,124,62,28,7.1,89.4,Red,Kharif,Ahmedabad,Cotton
23.7,54.3,47.618777595106096,121,28,28,7.0,129.9,Loamy,Zaid,Hyderabad,Coffee
24.8,80.1,72.8557948603327,74,51,37,7.1,174.2,Red,Kharif,Ahmedabad,Jute
34.3,52.2,39.68503700407594,33,41,29,6.1,87.6,Loamy,Zaid,Ahmedabad,Mango
23.3,76.9,67.75515563316748,57,41,36,7.2,136.9,Loamy,Kharif,Bangalore,Jute
26.7,66.5,54.67921306453904,12,55,12,7.2,33.7,Clay,Zaid,Ahmedabad,Lentil
27.6,90.0,78.33648047591755,92,17,53,6.9,48.5,Clay,Zaid,Nashik,Watermelon
22.2,47.3,41.724924968016936,104,28,35,6.2,121.5,Loamy,Rabi,Nashik,Coffee
25.8,64.9,57.20327953716901,16,57,12,5.1,62.6,Clay,Zaid,Ahmedabad,Mothbeans
21.4,79.8,74.73292796722458,34,149,198,6.1,75.9,Loamy,Rabi,Ahmedabad,Grapes
26.6,79.8,72.32978853055931,95,83,57,5.5,112.5,Black,Kharif,Kolkata,Banana
29.4,62.7,57.662514112241965,39,57,14,6.4,39.6,Loamy,Zaid,Nashik,Mungbean
27.0,58.4,45.53198630648002,10,72,10,5.4,55.4,Red,Rabi,Delhi,Lentil
30.2,44.4,34.71984318531293,44,50,25,5.0,130.6,Loamy,Rabi,Hyderabad,Pigeonpeas
26.9,76.2,69.47451529085554,61,50,43,6.8,155.2,Loamy,Kharif,Delhi,Jute
18.0,93.2,79.94305084493715,37,34,41,6.9,107.0,Red,Zaid,Chennai,Pomegranate
28.4,91.9,86.61321520356604,100,26,47,6.0,30.8,Loamy,Zaid,Hyderabad,Muskmelon
20.6,61.1,48.404755625655945,88,59,22,6.1,85.8,Loamy,Kharif,Pune,Maize
25.0,87.8,82.11996462110848,19,22,27,5.7,213.8,Loamy,Rabi,Kolkata,Coconut
26.8,87.7,72.94446072929657,101,26,58,5.4,33.5,Black,Zaid,Pune,Muskmelon
22.2,94.9,88.380371398851,27,5,31,5.7,117.6,Clay,Kharif,Hyderabad,Pomegranate
24.1,89.8,81.00341525178732,109,19,50,6.6,22.2,Loamy,Zaid,Pune,Muskmelon
24.7,66.3,57.15382565954201,61,59,28,6.9,55.1,Black,Kharif,Nagpur,Blackgram
23.7,47.4,32.44555894917583,35,52,24,7.3,88.2,Loamy,Zaid,Nagpur,Pigeonpeas
27.4,97.7,84.01107276699116,88,17,51,6.1,21.0,Clay,Zaid,Chennai,Muskmelon
23.6,83.3,77.82681119612052,73,47,43,6.1,224.1,Black,Kharif,Kolkata,Rice
33.4,69.1,58.46727889997624,51,70,23,6.8,64.0,Loamy,Kharif,Bangalore,Blackgram
23.9,52.9,42.24298374357765,109,38,20,5.9,117.5,Clay,Zaid,Kolkata,Coffee
24.6,82.3,70.84222763282692,89,54,47,7.1,187.7,Clay,Kharif,Ahmedabad,Rice
19.0,87.5,77.58921458169127,22,130,200,5.8,63.3,Clay,Zaid,Kolkata,Grapes
22.5,54.6,43.08009974047546,63,56,12,5.9,57.8,Loamy,Kharif,Nashik,Maize
19.7,77.9,65.99707934193178,32,119,203,6.3,57.5,Loamy,Rabi,Chennai,Grapes
28.9,65.1,55.9009445885803,36,33,20,7.2,56.1,Red,Kharif,Mumbai,Mungbean
27.5,65.8,56.42315796845412,65,37,18,5.6,93.8,Clay,Kharif,Kolkata,Maize
25.7,77.6,67.40963736181548,99,60,40,6.0,118.3,Clay,Rabi,Nashik,Banana
26.2,91.1,77.78984495635709,108,22,40,6.3,52.4,Loamy,Zaid,Pune,Watermelon
23.0,87.9,76.38915551018354,84,31,40,5.5,156.0,Clay,Kharif,Mumbai,Jute
24.4,82.4,74.36543835625311,44,140,203,5.5,76.3,Loamy,Rabi,Chennai,Grapes
27.7,96.3,81.9320403672886,38,27,6,6.1,121.5,Clay,Kharif,Pune,Orange
22.6,60.2,49.915084074559154,23,60,19,6.3,127.1,Red,Kharif,Hyderabad,Pigeonpeas
14.0,87.8,74.26842236077894,24,147,190,5.9,112.7,Clay,Rabi,Mumbai,Apple
31.0,55.1,40.7084234320117,32,26,21,6.3,89.4,Loamy,Kharif,Ahmedabad,Mango
27.3,89.6,75.79341458801237,20,23,39,5.9,223.9,Red,Kharif,Kolkata,Coconut
24.0,94.2,81.1727381515912,29,11,40,7.0,102.4,Clay,Zaid,Nashik,Pomegranate
25.7,68.5,59.30753122240278,102,32,35,6.2,112.0,Clay,Rabi,Mumbai,Coffee
29.8,90.8,77.09618997512443,20,17,21,6.3,185.9,Black,Zaid,Bangalore,Coconut
24.9,48.5,42.979693067993125,128,56,24,6.2,72.2,Loamy,Kharif,Chennai,Cotton
22.1,87.5,78.37143935206574,90,32,30,5.9,162.5,Red,Kharif,Hyderabad,Jute
25.5,92.9,86.49594610282347,96,12,49,6.3,23.2,Black,Zaid,Delhi,Muskmelon
5.0,96.0,89.50101786751631,19,142,208,6.1,118.2,Loamy,Zaid,Mumbai,Apple
29.8,81.6,69.52732913003325,26,125,197,5.3,78.3,Black,Zaid,Mumbai,Grapes
26.9,71.6,56.71090450383804,53,78,23,6.5,75.0,Black,Rabi,Bangalore,Blackgram
22.8,57.1,46.80682903783234,112,50,23,7.4,66.1,Clay,Kharif,Chennai,Cotton
13.0,88.5,78.70432848364091,29,18,19,5.9,104.5,Clay,Kharif,Bangalore,Orange
16.2,62.7,57.10687746116329,37,76,72,6.7,40.3,Black,Rabi,Delhi,Chickpea
26.3,93.2,78.99369019069273,100,23,47,6.9,44.4,Black,Zaid,Nashik,Watermelon
25.8,93.7,84.9923587095384,39,7,20,5.5,204.0,Loamy,Rabi,Mumbai,Coconut
5.8,97.8,83.06621484905425,35,140,201,5.6,103.8,Loamy,Kharif,Mumbai,Apple
28.2,68.5,57.645046294200725,63,64,25,7.4,69.4,Clay,Kharif,Ahmedabad,Blackgram
13.0,88.6,78.90091276417877,24,12,9,6.6,106.9,Black,Zaid,Chennai,Orange
26.3,50.1,41.61439606414995,117,30,15,7.1,92.1,Clay,Kharif,Nagpur,Cotton
20.7,66.5,57.77808675505095,24,68,13,7.0,47.1,Loamy,Rabi,Nagpur,Lentil
21.0,94.9,87.28531724429433,27,14,35,6.8,96.0,Black,Kharif,Ahmedabad,Pomegranate
10.2,87.9,79.23213033469486,21,148,197,6.0,97.6,Loamy,Zaid,Bangalore,Apple
28.4,67.6,58.92020925995916,20,62,27,6.0,35.9,Loamy,Rabi,Ahmedabad,Mungbean
22.5,68.7,55.94077230158881,40,53,77,6.3,49.9,Black,Rabi,Hyderabad,Chickpea
25.5,92.2,78.24645712275284,107,31,59,6.0,26.1,Black,Zaid,Nashik,Muskmelon
21.3,81.3,70.47968501204556,92,37,45,6.4,200.6,Black,Kharif,Kolkata,Rice
24.6,90.0,83.02286764998853,40,7,5,7.5,114.4,Clay,Kharif,Bangalore,Orange
25.9,59.7,46.15383059611893,33,76,25,6.5,47.5,Red,Rabi,Chennai,Lentil
18.3,64.9,52.17823949901414,19,55,81,6.5,38.2,Clay,Rabi,Nagpur,Chickpea
23.2,72.3,64.30986962239024,55,36,13,5.7,55.8,Red,Kharif,Pune,Maize
25.6,65.1,54.322011716917636,11,74,20,6.9,51.9,Loamy,Zaid,Bangalore,Lentil
24.9,89.0,79.73985228866704,45,63,57,6.8,158.4,Clay,Zaid,Pune,Papaya
17.2,65.8,58.264273248099165,90,43,12,6.0,92.5,Loamy,Kharif,Bangalore,Maize
21.8,54.6,48.20299866875395,39,73,14,5.1,109.0,Black,Rabi,Hyderabad,Pigeonpeas
29.5,80.1,73.44304126832203,27,124,207,5.7,66.5,Clay,Rabi,Mumbai,Grapes
29.5,67.5,62.15530131434485,16,50,23,5.2,145.1,Black,Zaid,Pune,Pigeonpeas
26.4,79.4,70.26347420722249,120,73,56,6.3,102.4,Clay,Zaid,Nagpur,Banana
17.9,55.8,46.93839524017196,92,53,23,6.4,76.8,Clay,Kharif,Nashik,Maize
24.2,95.2,82.36029859492974,121,32,46,5.8,29.2,Clay,Zaid,Mumbai,Muskmelon
32.1,87.4,79.89820276889854,38,27,8,7.2,101.1,Black,Rabi,Hyderabad,Orange
26.9,73.3,62.87344884286891,74,47,48,6.7,136.5,Loamy,Kharif,Ahmedabad,Jute
22.9,69.7,58.715767120419315,103,61,14,6.2,79.9,Clay,Kharif,Chennai,Cotton
24.3,79.5,71.98304820064685,84,50,46,6.1,182.5,Black,Kharif,Nagpur,Rice
29.5,94.5,80.20688250272865,44,23,29,6.1,180.9,Clay,Rabi,Mumbai,Coconut
22.0,59.5,46.15099110829974,36,56,23,7.1,89.5,Clay,Kharif,Hyderabad,Pigeonpeas
24.3,88.5,74.76438503060116,96,11,59,6.4,20.6,Loamy,Zaid,Delhi,Muskmelon
30.0,87.7,73.42939004665377,44,8,31,6.2,164.2,Red,Rabi,Kolkata,Coconut
23.0,61.2,53.83954636119729,112,28,35,6.3,128.5,Red,Kharif,Kolkata,Coffee
22.3,50.8,43.295675375032424,56,64,23,7.0,93.7,Black,Kharif,Nagpur,Maize
27.8,90.7,80.61883965953737,97,12,49,6.4,58.6,Clay,Zaid,Kolkata,Watermelon
25.2,78.2,70.1656174514823,85,59,39,6.7,148.3,Loamy,Kharif,Pune,Jute
20.9,51.1,37.24156577422198,39,81,73,6.7,49.8,Clay,Rabi,Delhi,Chickpea
18.4,51.8,40.81129758091531,21,71,70,5.7,61.3,Loamy,Rabi,Chennai,Chickpea
28.8,47.4,36.93264996287787,43,70,13,4.3,142.6,Clay,Zaid,Kolkata,Pigeonpeas
25.8,59.7,53.23852127169992,38,78,15,6.5,59.7,Loamy,Rabi,Nashik,Blackgram
27.4,96.9,88.14559274775165,44,49,53,7.1,212.2,Red,Rabi,Chennai,Papaya
24.3,59.4,48.558947439692524,28,51,13,4.7,25.9,Clay,Zaid,Hyderabad,Mothbeans
22.7,80.0,73.90037205559203,23,117,200,5.5,83.9,Red,Rabi,Nagpur,Grapes
25.4,95.4,87.51688634422872,38,17,23,6.3,197.0,Loamy,Kharif,Chennai,Coconut
21.5,54.6,44.46031677072225,66,50,16,5.5,85.4,Red,Kharif,Mumbai,Maize
23.2,80.7,71.88984440761487,15,120,207,5.8,61.4,Red,Rabi,Hyderabad,Grapes
27.7,87.6,80.73634064138281,86,30,50,5.9,51.5,Black,Zaid,Delhi,Watermelon
26.0,56.6,44.90825380257084,21,41,19,4.3,39.9,Red,Rabi,Delhi,Mothbeans
5.0,94.5,80.44063672330704,31,116,201,5.8,118.3,Loamy,Kharif,Bangalore,Apple
26.2,70.4,61.54401614741212,94,36,45,6.4,136.4,Clay,Kharif,Kolkata,Jute
16.2,21.1,10.392947253200028,40,83,22,6.1,124.9,Black,Rabi,Mumbai,Kidneybeans
25.1,67.2,58.639649170784615,121,37,12,5.9,63.0,Red,Kharif,Kolkata,Cotton
7.0,93.8,80.21568987118003,39,138,207,6.5,111.0,Clay,Rabi,Nashik,Apple
27.8,94.9,80.5602822098492,112,10,46,6.7,29.8,Red,Zaid,Mumbai,Muskmelon
25.3,94.1,80.15193500956013,123,21,55,6.9,37.5,Clay,Zaid,Chennai,Watermelon
24.3,89.3,76.33585753133859,115,20,54,5.4,33.8,Red,Zaid,Bangalore,Muskmelon
14.3,92.6,80.60337803465175,29,23,7,6.8,98.4,Red,Kharif,Bangalore,Orange
17.0,90.7,83.99676629194872,26,20,10,6.3,122.8,Red,Kharif,Hyderabad,Orange
28.0,72.2,66.03960416826297,25,40,10,7.7,36.5,Clay,Rabi,Mumbai,Mungbean
31.5,64.9,51.386593507962004,53,77,10,6.8,78.3,Red,Kharif,Delhi,Blackgram
23.5,19.4,10.0,40,71,13,5.9,89.1,Loamy,Zaid,Kolkata,Kidneybeans
24.1,95.8,87.57795673309101,103,15,56,6.4,42.8,Red,Zaid,Mumbai,Watermelon
19.7,85.9,76.53380050995136,67,61,44,5.9,205.7,Black,Kharif,Bangalore,Rice
27.0,65.1,50.865788985911045,34,54,20,6.9,37.0,Red,Zaid,Ahmedabad,Lentil
25.0,96.8,89.7485284399512,117,13,46,5.4,23.9,Red,Zaid,Mumbai,Muskmelon
23.1,81.2,71.55886501877285,93,63,49,7.1,190.0,Loamy,Kharif,Nagpur,Rice
20.2,51.3,42.03393369423975,22,56,14,7.7,153.2,Loamy,Rabi,Ahmedabad,Pigeonpeas
19.0,90.8,82.54026184312069,28,19,13,6.2,126.5,Black,Kharif,Pune,Orange
22.6,72.9,65.74640106544322,13,55,20,6.6,40.8,Clay,Rabi,Nagpur,Lentil
25.1,81.5,73.02194312616345,70,37,47,6.8,214.1,Black,Kharif,Kolkata,Rice
5.0,91.1,83.08830441124834,29,143,192,5.5,101.9,Loamy,Zaid,Hyderabad,Apple
27.9,80.7,68.50624677003309,72,54,31,6.3,224.0,Loamy,Kharif,Hyderabad,Rice
18.8,88.1,77.29463766352575,16,27,32,7.1,100.1,Loamy,Zaid,Nashik,Pomegranate
18.0,69.9,62.90705064887102,41,83,79,6.6,60.3,Red,Rabi,Nagpur,Chickpea
22.3,81.4,72.23408744876674,93,43,42,5.8,166.2,Clay,Kharif,Pune,Jute
32.3,55.4,49.56905639484065,26,21,36,5.6,103.5,Black,Rabi,Ahmedabad,Mango
33.1,66.6,61.151388426733405,57,59,15,7.2,78.2,Loamy,Kharif,Ahmedabad,Blackgram
25.4,94.4,88.64260901422234,105,8,52,6.0,22.4,Clay,Zaid,Nagpur,Muskmelon
24.2,44.0,35.52569034387058,32,78,11,7.5,102.7,Red,Rabi,Chennai,Pigeonpeas
5.0,89.8,81.67576573119192,37,140,196,5.8,111.6,Red,Rabi,Nagpur,Apple
27.4,59.4,46.31896354442815,31,61,24,7.1,39.0,Black,Zaid,Chennai,Mungbean
22.7,67.0,57.06324245701951,98,19,35,7.1,145.5,Black,Zaid,Pune,Coffee
27.7,61.5,48.93937033376933,39,74,15,7.1,67.2,Loamy,Kharif,Chennai,Blackgram
17.9,92.7,78.50663836557082,25,20,42,6.7,109.7,Red,Zaid,Ahmedabad,Pomegranate
22.5,84.4,75.16345202955073,66,36,35,7.1,143.5,Loamy,Kharif,Nashik,Jute
17.5,53.6,40.17245330077297,42,67,73,6.3,39.0,Clay,Rabi,Hyderabad,Chickpea
28.3,63.1,48.42356075361046,34,75,12,7.2,41.5,Red,Zaid,Hyderabad,Lentil
18.9,89.5,77.36445206482172,19,34,38,6.9,106.7,Red,Rabi,Nashik,Pomegranate
26.4,71.1,59.62183225884478,56,44,26,5.3,73.2,Red,Kharif,Nagpur,Maize
31.5,48.9,41.310162028700574,39,24,25,4.3,108.2,Loamy,Rabi,Delhi,Mango
28.1,77.6,63.56115757588846,40,133,204,5.7,83.3,Clay,Zaid,Hyderabad,Grapes
23.6,72.8,62.68620327656484,93,30,31,5.4,155.6,Black,Kharif,Bangalore,Jute
14.9,90.1,84.46328571770796,33,127,203,6.3,103.0,Red,Rabi,Ahmedabad,Apple
30.3,70.1,64.14081973039063,22,39,20,6.6,59.9,Loamy,Rabi,Bangalore,Mungbean
26.7,81.4,68.8669746553549,33,141,202,6.4,63.9,Red,Rabi,Ahmedabad,Grapes
26.4,64.6,54.08591895760162,5,71,24,6.4,59.3,Clay,Kharif,Nashik,Lentil
27.7,88.4,76.08805521080045,89,32,58,5.5,28.3,Black,Zaid,Nagpur,Muskmelon
18.6,49.4,36.22834805559495,58,63,24,6.5,92.6,Clay,Kharif,Bangalore,Maize
19.7,83.4,73.4603588344767,15,139,192,6.1,79.2,Black,Zaid,Ahmedabad,Grapes
17.2,60.1,49.72023044492135,55,33,11,6.7,96.5,Clay,Kharif,Hyderabad,Maize
29.9,52.0,45.67197458945736,43,51,25,5.8,99.4,Loamy,Kharif,Pune,Pigeonpeas
19.3,64.8,57.355400622138404,30,62,87,6.5,32.3,Loamy,Rabi,Pune,Chickpea
26.1,97.2,86.88188112186498,41,52,43,6.9,222.2,Black,Zaid,Hyderabad,Papaya
27.6,89.3,78.9462277581826,40,59,45,6.8,121.8,Clay,Kharif,Ahmedabad,Papaya
17.8,57.0,46.655220557237136,32,75,85,6.4,57.6,Black,Rabi,Nashik,Chickpea
5.0,92.5,81.72237208714867,23,130,198,5.8,119.4,Loamy,Rabi,Nagpur,Apple
29.9,90.7,82.41266353241856,18,5,36,6.1,151.8,Red,Kharif,Hyderabad,Coconut
28.4,62.3,50.38250520570303,36,53,23,6.9,72.5,Red,Zaid,Bangalore,Blackgram
23.6,87.8,79.18504802671049,96,34,43,6.2,41.7,Clay,Zaid,Mumbai,Watermelon
5.0,87.9,81.20574413179348,30,123,204,5.7,114.8,Loamy,Zaid,Hyderabad,Apple
12.3,91.6,77.81194043400485,26,119,191,5.8,101.2,Loamy,Rabi,Bangalore,Apple
20.4,58.6,50.97938001028495,86,57,11,6.9,66.9,Black,Kharif,Delhi,Maize
27.0,91.8,80.89703587271693,24,11,25,5.3,153.5,Black,Zaid,Nagpur,Coconut
28.1,60.3,52.51261972758645,34,53,15,7.7,37.3,Black,Kharif,Delhi,Mungbean
23.6,69.2,60.305680223684355,99,28,38,6.8,133.4,Loamy,Zaid,Pune,Coffee
28.9,96.7,83.31959702121578,26,25,34,6.6,173.1,Red,Kharif,Nashik,Coconut
28.8,79.2,70.68583049348584,106,62,52,6.7,122.2,Red,Rabi,Chennai,Banana
27.2,89.7,80.96599736377189,42,49,53,6.4,166.2,Red,Kharif,Chennai,Papaya
20.2,94.1,88.6073062450934,36,14,34,6.5,96.4,Black,Zaid,Pune,Pomegranate
24.7,90.8,78.65893743450873,57,50,51,7.1,140.0,Loamy,Rabi,Kolkata,Papaya
29.9,60.1,48.146256890331,24,33,27,7.4,36.2,Red,Rabi,Nashik,Mungbean
31.0,51.0,45.453528630526186,23,48,16,7.6,52.0,Red,Kharif,Pune,Mothbeans
24.5,76.2,70.23793722608166,100,75,59,6.6,104.1,Clay,Rabi,Hyderabad,Banana
26.3,86.7,75.34008943182981,89,72,58,6.4,108.1,Red,Kharif,Pune,Banana
23.7,90.1,80.21873481255005,60,56,43,5.9,134.1,Loamy,Kharif,Kolkata,Papaya
26.8,87.8,80.31152078639398,93,14,52,6.5,43.5,Red,Zaid,Bangalore,Watermelon
27.6,69.9,55.82489582126838,20,46,17,6.5,36.7,Clay,Rabi,Kolkata,Mungbean
17.9,91.6,85.2920643610717,31,23,32,6.0,104.3,Black,Kharif,Kolkata,Pomegranate
27.6,68.0,61.25453346371339,26,78,27,6.4,34.6,Clay,Kharif,Nagpur,Lentil
21.1,28.3,18.403390644156563,30,52,13,5.6,63.7,Clay,Zaid,Chennai,Kidneybeans
21.7,29.4,22.455379967191035,31,73,28,6.1,57.1,Black,Kharif,Kolkata,Kidneybeans
27.2,77.2,64.25422706117263,111,88,56,6.1,118.5,Loamy,Rabi,Nagpur,Banana
31.0,65.8,52.77183137891066,32,46,28,6.7,56.0,Loamy,Kharif,Bangalore,Mungbean
28.4,67.0,59.49813221865244,44,66,22,6.7,75.1,Red,Kharif,Delhi,Blackgram
11.1,94.7,84.10387250975066,21,29,19,6.5,109.2,Red,Kharif,Kolkata,Orange
26.9,62.4,48.02644905313553,64,51,13,7.1,56.8,Loamy,Kharif,Nagpur,Blackgram
23.6,70.2,57.74024969412884,8,68,12,5.9,52.9,Black,Rabi,Nagpur,Lentil
25.7,71.8,60.0970654087223,25,51,28,5.8,39.8,Loamy,Rabi,Ahmedabad,Lentil
11.9,88.2,73.92405135113513,42,17,7,6.4,110.0,Black,Kharif,Mumbai,Orange
26.2,87.2,78.58015483178714,96,32,53,5.6,32.6,Loamy,Zaid,Nashik,Muskmelon
20.9,90.5,76.7480510722919,42,28,44,6.1,111.1,Black,Rabi,Delhi,Pomegranate
28.0,95.6,89.99077276045924,111,13,42,6.7,16.4,Loamy,Zaid,Nashik,Muskmelon
29.5,72.4,62.08168372136846,89,77,42,6.2,121.9,Red,Rabi,Pune,Banana
33.8,69.6,61.57000932650893,46,69,10,7.2,66.5,Red,Rabi,Ahmedabad,Blackgram
21.2,53.8,46.7208926451225,23,58,28,6.8,128.3,Clay,Kharif,Nagpur,Pigeonpeas
22.0,25.5,18.20436040195505,21,84,14,5.9,147.1,Loamy,Kharif,Nashik,Kidneybeans
26.0,73.0,61.31753938172294,60,53,21,7.1,61.9,Loamy,Kharif,Chennai,Maize
27.7,69.3,58.86788227733871,25,84,23,6.6,50.7,Clay,Rabi,Nashik,Lentil
31.5,56.5,45.371670090654646,28,20,22,5.1,81.6,Black,Zaid,Chennai,Mango
29.2,49.7,35.66667384189528,30,14,26,5.6,103.8,Loamy,Zaid,Mumbai,Mango
19.5,82.7,74.58030904614134,89,57,34,6.4,180.0,Black,Kharif,Ahmedabad,Rice
29.4,58.5,49.38550663880953,40,67,19,7.4,68.5,Clay,Rabi,Hyderabad,Blackgram
23.9,77.1,70.62827649712817,61,44,39,6.0,177.6,Red,Kharif,Pune,Rice
22.2,65.4,59.01909077089002,110,15,26,5.8,170.1,Red,Rabi,Pune,Coffee
25.3,42.7,29.086982808642038,35,57,15,5.1,55.4,Red,Zaid,Nagpur,Mothbeans
26.2,87.4,77.50449580167835,16,28,31,5.7,171.9,Loamy,Rabi,Mumbai,Coconut
20.3,85.4,75.73990501747781,34,127,207,6.3,65.9,Clay,Rabi,Delhi,Grapes
26.9,75.9,65.75006853833233,55,32,47,6.6,140.1,Loamy,Kharif,Hyderabad,Jute
28.3,94.6,86.26277450382942,21,11,30,5.6,145.8,Red,Rabi,Mumbai,Coconut
21.9,78.7,63.824390738470576,21,124,191,6.7,81.4,Clay,Zaid,Chennai,Grapes
25.7,57.9,50.59006326771656,49,72,22,7.1,57.6,Clay,Zaid,Kolkata,Blackgram
19.8,65.8,51.444151949503535,11,82,22,5.6,31.4,Black,Zaid,Nagpur,Lentil
5.0,93.9,87.61161990330156,29,145,201,5.3,99.5,Black,Rabi,Mumbai,Apple
25.8,92.1,80.89763638900754,49,47,42,6.1,183.2,Loamy,Kharif,Chennai,Papaya
32.0,57.1,45.7003767069748,19,24,39,5.8,102.8,Loamy,Kharif,Ahmedabad,Mango
26.7,72.9,63.00235925543914,103,55,22,6.1,68.7,Loamy,Kharif,Chennai,Cotton
19.0,60.3,49.20227758813854,60,35,10,5.4,86.7,Black,Kharif,Hyderabad,Maize
30.1,57.5,45.38474276450586,19,50,18,6.5,62.4,Black,Kharif,Delhi,Mungbean
27.9,73.0,67.23507638065175,97,78,48,5.4,92.1,Black,Rabi,Delhi,Banana
22.8,91.7,84.1374544387077,40,28,36,5.4,101.7,Red,Zaid,Ahmedabad,Pomegranate
25.3,48.5,36.79958989414081,109,14,25,6.4,190.7,Red,Zaid,Mumbai,Coffee
25.7,97.8,82.84452529987058,97,30,44,7.0,47.8,Clay,Zaid,Nashik,Watermelon
27.7,88.6,78.39773841922225,91,7,44,7.1,46.2,Black,Zaid,Chennai,Watermelon
26.8,55.2,49.989956782088186,16,64,14,4.9,49.9,Clay,Zaid,Ahmedabad,Mothbeans
22.7,84.7,74.05394630233859,35,116,208,6.4,66.9,Clay,Rabi,Bangalore,Grapes
25.0,53.6,38.74966627007559,23,37,27,7.0,73.4,Loamy,Kharif,Pune,Mothbeans
20.6,54.3,42.73613846984402,38,82,77,6.3,28.7,Red,Rabi,Nagpur,Chickpea
32.1,71.1,58.91679845840797,63,62,14,6.7,73.5,Loamy,Rabi,Kolkata,Blackgram
26.1,83.4,68.74665366714578,124,99,53,6.3,122.4,Red,Kharif,Chennai,Banana
26.6,81.2,66.21848849051536,79,58,45,6.7,206.3,Loamy,Kharif,Nashik,Rice
19.9,25.0,15.990834917841891,29,82,19,6.1,139.4,Red,Zaid,Bangalore,Kidneybeans
22.6,29.2,21.89583794602239,19,67,27,5.5,154.2,Clay,Kharif,Mumbai,Kidneybeans
25.2,81.7,71.15735544445036,73,33,46,5.7,164.0,Clay,Kharif,Nashik,Jute
26.3,87.5,76.17139925678356,85,38,48,5.8,143.6,Red,Kharif,Nashik,Jute
26.1,92.7,82.87416062666402,93,30,43,5.9,59.3,Red,Zaid,Mumbai,Watermelon
24.1,72.7,60.21743427897823,36,61,10,7.5,55.8,Black,Rabi,Nagpur,Blackgram
25.6,72.5,63.44254468513085,96,20,31,6.0,132.5,Red,Kharif,Hyderabad,Coffee
25.6,97.9,90.0,105,11,50,7.2,44.2,Black,Zaid,Kolkata,Watermelon
18.0,54.6,45.99549543577225,18,55,86,5.9,46.7,Red,Rabi,Chennai,Chickpea
23.5,51.3,37.13732257052095,105,11,31,6.3,165.1,Clay,Kharif,Hyderabad,Coffee
28.9,43.2,32.08561031221537,44,39,25,6.1,102.9,Clay,Kharif,Nashik,Mango
30.3,47.0,34.82895217425581,44,51,29,6.5,94.5,Red,Rabi,Ahmedabad,Pigeonpeas
22.9,89.3,78.87817571283166,40,8,5,5.8,128.9,Black,Kharif,Bangalore,Orange
5.0,94.7,87.04055747405657,21,119,196,5.3,111.4,Loamy,Rabi,Kolkata,Apple
28.7,63.0,57.695028103983574,22,54,28,5.0,108.1,Red,Zaid,Delhi,Pigeonpeas
24.4,88.6,77.0812391870994,21,15,26,5.7,153.3,Loamy,Kharif,Bangalore,Coconut
25.6,96.1,90.0,89,17,47,6.3,41.5,Clay,Zaid,Bangalore,Watermelon
19.1,89.8,83.72598974101102,28,25,7,6.1,110.5,Loamy,Rabi,Hyderabad,Orange
25.5,68.0,61.01824800125381,99,42,23,7.0,69.1,Loamy,Kharif,Delhi,Cotton
26.9,81.8,71.41427612650585,68,60,47,6.6,151.4,Clay,Kharif,Nagpur,Jute
31.7,65.5,57.15393029547096,64,68,20,7.3,78.7,Red,Zaid,Mumbai,Blackgram
29.1,94.5,87.03719717981201,38,15,25,6.0,218.4,Black,Zaid,Nashik,Coconut
23.8,53.5,47.38095441183479,38,57,24,6.2,131.0,Clay,Zaid,Ahmedabad,Pigeonpeas
21.9,53.4,46.93997965194744,108,56,12,6.2,65.9,Clay,Kharif,Nashik,Cotton
27.6,52.0,45.37460364609213,20,16,20,6.1,88.8,Clay,Rabi,Nashik,Mango
25.9,92.7,87.59205871910673,49,45,55,6.0,130.9,Black,Zaid,Hyderabad,Papaya
24.2,69.2,60.20828587371986,121,30,18,7.6,65.7,Loamy,Kharif,Delhi,Cotton
18.7,91.4,85.64860073914083,33,23,12,6.0,130.7,Loamy,Kharif,Nagpur,Orange
24.4,71.7,62.78149064964932,62,44,47,6.3,152.9,Clay,Kharif,Kolkata,Jute
33.4,89.3,82.38779946745835,26,11,19,6.1,105.5,Clay,Zaid,Delhi,Orange
27.3,89.3,74.70265142114272,25,17,32,6.4,166.5,Clay,Zaid,Delhi,Coconut
25.3,61.2,52.21280791918209,68,38,23,5.4,89.8,Black,Kharif,Mumbai,Maize
22.7,82.7,74.47597596260306,70,51,40,6.4,155.9,Black,Kharif,Pune,Jute
15.7,31.0,22.117050527262688,26,51,19,6.0,116.8,Red,Kharif,Kolkata,Kidneybeans
33.9,63.9,52.02582565757274,59,69,10,7.6,77.8,Red,Rabi,Nashik,Blackgram
26.3,69.9,57.154241528606974,121,49,11,7.4,61.9,Clay,Kharif,Delhi,Cotton
24.1,88.8,82.04594879289502,40,57,56,6.2,162.2,Black,Rabi,Chennai,Papaya
28.4,97.9,90.0,113,24,44,5.7,17.5,Clay,Zaid,Hyderabad,Muskmelon
23.3,86.2,78.03985475807819,18,132,190,6.4,55.9,Red,Kharif,Bangalore,Grapes
26.9,93.0,86.63510481098487,90,12,46,6.7,37.8,Loamy,Zaid,Chennai,Watermelon
25.2,96.9,89.61448588213403,124,17,57,6.4,38.1,Black,Zaid,Mumbai,Watermelon
23.6,70.2,64.5714301455887,12,60,24,7.2,56.7,Red,Zaid,Ahmedabad,Lentil
24.6,91.6,77.20140237243571,123,24,42,6.1,38.3,Clay,Zaid,Pune,Watermelon
20.8,95.9,88.86294079099731,16,26,37,5.5,108.9,Loamy,Kharif,Nashik,Pomegranate
25.1,70.1,64.26016288006153,62,39,46,5.8,180.8,Red,Kharif,Nashik,Jute
26.4,92.1,80.45116099685522,40,51,49,6.9,118.7,Clay,Rabi,Delhi,Papaya
26.9,95.0,81.41576773556253,41,12,21,5.3,219.8,Clay,Kharif,Delhi,Coconut
20.0,58.7,46.85871086827697,29,82,87,5.7,32.8,Black,Rabi,Pune,Chickpea
22.9,70.5,61.66794367327819,73,53,31,7.2,148.6,Black,Kharif,Ahmedabad,Jute
23.3,19.2,10.110928921078736,27,76,20,5.6,122.7,Black,Kharif,Nashik,Kidneybeans
23.9,90.5,79.59570864256581,33,26,31,6.2,104.4,Loamy,Kharif,Chennai,Pomegranate
23.1,22.2,15.361393982899134,34,52,20,5.8,133.9,Clay,Kharif,Nagpur,Kidneybeans
26.7,51.3,37.98387512258426,98,19,33,5.9,153.7,Red,Rabi,Chennai,Coffee
21.6,80.2,66.56008652657275,37,120,202,5.8,66.1,Clay,Zaid,Delhi,Grapes
25.7,66.2,56.09919492708443,29,59,28,6.6,57.8,Loamy,Kharif,Ahmedabad,Mothbeans
25.9,94.6,83.08121298561616,104,27,42,5.9,44.5,Clay,Zaid,Hyderabad,Watermelon
26.2,95.8,82.34214097491798,111,28,56,7.1,49.7,Loamy,Zaid,Nagpur,Watermelon
21.1,78.5,70.02788367835359,20,139,200,5.9,72.7,Clay,Kharif,Bangalore,Grapes
26.9,90.1,81.08883837330123,33,27,20,6.4,180.7,Clay,Rabi,Pune,Coconut
14.4,94.8,83.59102354926128,31,9,14,6.9,117.3,Clay,Rabi,Kolkata,Orange
28.5,86.6,77.87705056756916,30,123,198,6.1,82.0,Clay,Zaid,Mumbai,Grapes
23.7,55.7,42.554651731079986,118,10,35,7.1,142.2,Clay,Rabi,Delhi,Coffee
29.0,59.7,45.09547549948278,37,53,26,7.3,63.6,Red,Zaid,Hyderabad,Blackgram
25.4,79.8,66.1966842449793,111,74,47,6.3,112.1,Red,Zaid,Kolkata,Banana
29.3,79.9,65.55647097326981,34,133,196,5.6,66.8,Loamy,Kharif,Nashik,Grapes
20.9,88.2,77.47860292423448,43,9,33,6.3,111.9,Black,Rabi,Pune,Pomegranate
28.3,62.6,52.28713861545263,32,59,29,5.4,41.0,Loamy,Zaid,Chennai,Lentil
28.2,84.1,71.68939737838613,123,85,43,6.6,115.7,Black,Rabi,Pune,Banana
26.0,92.3,78.5672490891485,88,9,42,6.9,58.4,Loamy,Zaid,Kolkata,Watermelon
11.9,88.5,81.02041283950402,39,21,14,6.8,126.1,Black,Rabi,Bangalore,Orange
25.3,85.0,76.56938896044812,29,142,201,6.5,66.7,Black,Zaid,Hyderabad,Grapes
20.8,80.1,72.45837662911984,68,34,30,6.4,187.5,Black,Kharif,Ahmedabad,Rice
24.6,69.6,58.097494049901584,25,66,20,6.4,44.3,Loamy,Rabi,Chennai,Lentil
20.1,88.7,81.92316844579484,33,19,17,6.4,133.0,Black,Rabi,Kolkata,Orange
26.3,66.1,54.28616914278304,42,58,18,6.6,66.1,Red,Zaid,Delhi,Mothbeans
26.6,89.5,82.42621287398237,16,23,34,5.6,193.9,Loamy,Rabi,Ahmedabad,Coconut
28.9,96.5,90.0,38,10,19,6.3,106.1,Black,Kharif,Nagpur,Orange
25.8,84.2,70.29257915577281,71,33,42,5.8,194.4,Loamy,Kharif,Hyderabad,Rice
19.7,67.8,61.965693779787685,19,76,78,5.4,32.9,Red,Rabi,Nashik,Chickpea
27.7,97.7,83.39761480654087,58,69,56,6.0,115.8,Loamy,Rabi,Nagpur,Papaya
30.3,65.2,51.5128583161371,32,75,12,4.9,147.4,Loamy,Kharif,Delhi,Pigeonpeas
20.4,79.1,71.88059472896563,29,144,203,6.0,81.9,Red,Zaid,Mumbai,Grapes
32.2,51.1,43.59440223139522,27,24,21,5.1,92.2,Red,Rabi,Mumbai,Mango
29.2,44.3,31.781194106193546,43,28,30,4.8,96.4,Black,Rabi,Nashik,Mango
25.6,79.5,64.6143501405526,93,62,42,6.3,157.7,Red,Kharif,Nashik,Jute
27.1,47.6,39.909713665239984,55,33,12,6.8,78.3,Black,Kharif,Ahmedabad,Maize
19.9,62.9,57.86387515574342,39,62,25,6.0,109.9,Loamy,Zaid,Kolkata,Pigeonpeas
18.2,57.0,48.7373915641808,28,79,89,6.2,62.8,Red,Rabi,Mumbai,Chickpea
22.1,82.5,72.86936808275458,38,140,191,6.5,76.7,Clay,Rabi,Nashik,Grapes
22.1,74.4,66.28412519810504,65,58,30,6.9,138.8,Loamy,Kharif,Nagpur,Jute
22.3,87.4,77.46838549085346,61,47,57,6.9,163.3,Red,Zaid,Hyderabad,Papaya
29.6,70.0,56.47547230359308,23,67,13,6.0,57.2,Black,Rabi,Chennai,Lentil
26.1,61.2,50.770372286959926,38,50,17,6.2,36.8,Clay,Zaid,Nashik,Mungbean
21.3,66.8,61.746523916849725,26,54,70,5.9,60.4,Clay,Rabi,Bangalore,Chickpea
23.4,93.5,82.32385761700023,69,48,45,7.1,191.4,Clay,Zaid,Bangalore,Papaya
23.7,97.8,85.56179107014327,122,26,49,6.8,57.6,Loamy,Zaid,Kolkata,Watermelon
24.7,79.1,68.25848095737237,102,96,58,5.9,90.4,Loamy,Kharif,Bangalore,Banana
32.4,45.8,38.317651322536264,40,28,26,5.2,85.7,Loamy,Rabi,Chennai,Mango
18.0,53.8,43.693120416825224,27,55,81,5.5,42.9,Clay,Rabi,Nagpur,Chickpea
19.2,84.5,75.14033796588942,76,48,48,6.3,223.1,Red,Kharif,Ahmedabad,Rice
26.1,92.4,83.69653910556048,33,28,26,5.7,173.9,Clay,Rabi,Mumbai,Coconut
26.9,52.9,43.77821039343292,102,30,39,6.7,142.8,Black,Kharif,Kolkata,Coffee
19.3,87.9,73.33181269848218,35,34,34,6.4,112.5,Clay,Kharif,Ahmedabad,Pomegranate
24.1,87.3,75.44492340640383,102,7,58,6.6,15.9,Clay,Zaid,Mumbai,Muskmelon
24.6,49.9,37.52861511881869,35,80,25,6.2,99.1,Red,Rabi,Mumbai,Pigeonpeas
23.6,94.3,88.30317815967324,51,63,47,6.1,196.9,Red,Rabi,Nashik,Papaya
17.9,60.9,51.64616367510363,35,66,84,5.7,48.9,Red,Rabi,Ahmedabad,Chickpea
26.3,97.4,90.0,89,28,42,6.9,62.4,Red,Zaid,Chennai,Watermelon
28.7,90.6,83.1953283490137,34,30,34,5.9,151.4,Clay,Kharif,Nagpur,Coconut
20.6,61.3,48.12430713985069,37,57,73,6.2,51.0,Black,Rabi,Nagpur,Chickpea
34.8,55.9,42.07434076611216,38,32,37,6.1,106.6,Clay,Zaid,Delhi,Mango
25.7,65.6,60.233086048191815,31,59,22,7.6,100.9,Clay,Kharif,Nashik,Pigeonpeas
26.2,89.2,74.67199469689828,111,22,57,6.7,39.0,Loamy,Zaid,Hyderabad,Watermelon
18.1,27.9,13.07805455904969,35,55,14,5.7,126.9,Red,Rabi,Bangalore,Kidneybeans
25.9,61.0,51.851382728669904,50,58,12,6.4,76.6,Clay,Kharif,Delhi,Blackgram
26.4,90.4,76.49233869282389,39,11,16,7.0,107.8,Black,Zaid,Pune,Orange
19.3,84.9,71.29451230181975,90,52,45,6.5,197.9,Black,Kharif,Hyderabad,Rice
19.2,55.9,45.00282248143925,23,50,84,5.7,59.1,Clay,Rabi,Kolkata,Chickpea
28.3,66.4,58.44765241766722,38,55,23,7.7,123.9,Red,Rabi,Delhi,Pigeonpeas
21.6,85.3,75.62501281597129,93,39,43,6.7,212.7,Loamy,Kharif,Pune,Rice
29.2,60.4,52.75195144524325,56,55,27,6.7,71.0,Red,Rabi,Ahmedabad,Blackgram
24.7,22.5,10.5193245122029,33,55,25,5.5,68.9,Black,Kharif,Chennai,Kidneybeans
29.3,92.3,78.96377643906483,30,28,7,7.1,96.1,Red,Zaid,Nashik,Orange
27.4,88.9,74.16688569979755,111,28,58,6.7,21.7,Loamy,Zaid,Nashik,Muskmelon
26.4,94.0,83.67006282868928,31,18,25,5.4,181.7,Red,Zaid,Chennai,Coconut
25.0,72.0,59.43000105451148,115,19,25,7.1,126.2,Clay,Zaid,Pune,Coffee
20.8,56.1,41.95922332725685,38,74,75,6.5,39.3,Black,Rabi,Nashik,Chickpea
25.7,51.4,44.57464065704988,95,21,25,6.9,144.3,Red,Zaid,Mumbai,Coffee
30.8,65.6,56.2344138397261,16,63,23,6.7,45.1,Loamy,Zaid,Hyderabad,Mungbean
27.9,57.5,48.94276323169353,39,27,22,6.2,89.3,Loamy,Rabi,Hyderabad,Mango
24.4,97.4,87.67425060711633,48,46,43,6.1,177.6,Black,Rabi,Nagpur,Papaya
28.5,81.6,68.68514682173922,108,90,52,6.7,124.6,Red,Kharif,Bangalore,Banana
22.3,59.2,46.204291318232116,41,62,81,5.3,42.8,Loamy,Rabi,Pune,Chickpea
16.3,20.4,12.873096698441499,23,53,29,6.2,115.0,Clay,Rabi,Delhi,Kidneybeans
26.4,74.8,64.73850309583273,59,34,46,5.5,136.2,Red,Kharif,Nagpur,Jute
29.7,88.0,74.28028290957204,35,22,31,6.7,161.8,Clay,Zaid,Delhi,Coconut
24.5,55.1,40.654208980666624,117,49,25,6.3,79.5,Clay,Kharif,Kolkata,Cotton
25.2,93.6,78.76634401928791,34,12,32,5.4,104.2,Black,Kharif,Kolkata,Pomegranate
28.5,81.1,75.66522988124464,28,138,209,6.4,62.2,Loamy,Zaid,Pune,Grapes
27.7,71.5,65.90291696446205,37,36,25,7.3,56.1,Red,Rabi,Nagpur,Mungbean
21.6,44.9,37.88366986818709,34,61,15,7.6,153.1,Clay,Zaid,Chennai,Pigeonpeas
22.5,56.0,50.377428287639674,88,23,37,6.4,173.7,Clay,Zaid,Chennai,Coffee
25.3,54.0,40.71103946290039,31,31,28,3.9,33.6,Loamy,Rabi,Chennai,Mothbeans
24.2,58.6,52.52733956035783,35,80,15,6.7,98.9,Clay,Rabi,Delhi,Pigeonpeas
26.7,42.6,32.50497449503736,35,42,27,5.7,51.4,Loamy,Rabi,Ahmedabad,Mothbeans
29.4,65.6,55.264667345616786,41,32,24,5.7,72.1,Clay,Kharif,Kolkata,Mothbeans
30.5,44.9,34.29559200897377,22,54,14,5.9,113.2,Red,Zaid,Hyderabad,Pigeonpeas
24.6,94.7,88.93499667109276,23,10,31,7.0,114.3,Loamy,Rabi,Delhi,Pomegranate
25.9,63.3,52.789231517273244,116,16,37,6.7,142.4,Loamy,Zaid,Nagpur,Coffee
20.7,61.3,52.52896835011212,8,83,13,6.9,44.8,Red,Zaid,Nashik,Lentil
24.8,87.1,76.23499899188951,104,21,41,5.5,31.4,Red,Zaid,Kolkata,Muskmelon
5.0,97.1,88.99462197273346,38,148,208,5.4,102.9,Clay,Rabi,Hyderabad,Apple
29.8,43.8,37.92826444314594,36,36,25,6.0,105.1,Clay,Zaid,Delhi,Mango
26.0,46.9,34.60962824303986,20,82,29,5.0,128.9,Clay,Zaid,Kolkata,Pigeonpeas
5.0,89.4,81.72119023900754,15,124,208,6.4,100.0,Black,Rabi,Hyderabad,Apple
33.2,71.3,59.349570006101416,55,53,13,6.9,68.3,Loamy,Kharif,Kolkata,Blackgram
29.6,64.4,58.00756490644512,40,49,27,7.0,30.4,Black,Zaid,Bangalore,Mungbean
29.8,91.0,82.54672281499842,17,34,25,5.4,166.5,Black,Zaid,Mumbai,Coconut
27.2,91.9,79.9434539928001,41,47,49,6.0,129.5,Clay,Rabi,Pune,Papaya
24.7,94.0,86.99454310024153,41,7,37,6.0,160.2,Loamy,Zaid,Delhi,Coconut
18.5,59.4,45.95024658332855,15,52,16,6.0,41.8,Black,Rabi,Chennai,Lentil
26.7,97.3,85.63892867104818,90,26,43,6.6,52.9,Clay,Zaid,Kolkata,Watermelon
18.8,93.4,79.53615878929386,24,8,6,6.2,95.8,Red,Zaid,Ahmedabad,Orange
26.9,82.1,72.37430227387196,74,31,47,6.4,185.8,Red,Kharif,Nashik,Rice
27.8,84.4,69.53290765418417,119,71,47,5.6,105.8,Red,Kharif,Ahmedabad,Banana
27.9,96.4,81.7131896902412,61,51,40,6.4,165.0,Black,Kharif,Delhi,Papaya
17.0,26.0,11.515459189764705,24,83,26,5.5,141.6,Black,Zaid,Delhi,Kidneybeans
24.6,91.3,82.88397020125362,17,31,31,5.4,160.8,Red,Rabi,Kolkata,Coconut
31.5,42.1,34.44821829625443,27,42,28,6.6,94.8,Loamy,Kharif,Pune,Mango
19.1,25.1,11.75356113124927,20,56,17,6.0,107.5,Loamy,Zaid,Ahmedabad,Kidneybeans
27.5,67.1,58.19850622284816,19,51,12,6.0,60.1,Loamy,Rabi,Ahmedabad,Mungbean
24.6,50.3,42.38610278608583,90,10,31,6.0,184.2,Red,Kharif,Kolkata,Coffee
21.1,84.6,78.13223340961426,56,55,30,6.9,195.0,Clay,Kharif,Nagpur,Rice
26.6,59.5,47.30281964585327,105,42,24,6.0,72.5,Clay,Kharif,Mumbai,Cotton
19.8,49.8,35.17625893704357,37,63,28,4.9,151.8,Red,Kharif,Pune,Pigeonpeas
20.4,26.3,14.490246572385118,41,72,15,5.8,77.9,Loamy,Rabi,Pune,Kidneybeans
26.4,94.2,80.87401240593343,115,11,51,6.4,25.0,Red,Zaid,Ahmedabad,Muskmelon
32.2,42.7,32.28530607542278,44,14,33,5.2,93.3,Clay,Kharif,Bangalore,Mango
24.6,86.2,71.38190427964885,92,57,49,6.9,216.9,Black,Kharif,Pune,Rice
13.9,95.6,86.31903342905602,33,143,193,5.9,122.4,Black,Kharif,Chennai,Apple
25.7,85.2,71.80593180168697,82,52,34,6.6,192.6,Clay,Kharif,Nagpur,Rice
26.1,97.3,88.650505403236,95,17,46,6.1,57.2,Red,Zaid,Ahmedabad,Watermelon
26.7,73.7,61.65430098324037,99,93,59,5.3,110.9,Black,Rabi,Ahmedabad,Banana
24.6,89.5,81.33110104812586,115,10,44,7.1,63.3,Black,Zaid,Kolkata,Watermelon
24.4,85.8,75.80174269489495,93,94,50,5.6,85.5,Clay,Rabi,Ahmedabad,Banana
24.5,22.3,10.0,19,57,19,6.0,84.2,Clay,Rabi,Ahmedabad,Kidneybeans
26.2,72.1,58.188658944808495,74,45,36,6.7,174.4,Black,Kharif,Ahmedabad,Jute
22.4,55.1,45.35516959517914,21,73,84,5.5,46.0,Red,Rabi,Chennai,Chickpea
30.1,43.5,33.684880154421606,37,57,21,5.3,45.2,Loamy,Rabi,Mumbai,Mothbeans
24.2,64.4,49.8784115595777,98,35,38,7.0,164.2,Clay,Rabi,Pune,Coffee
26.4,95.0,80.76686889783153,94,11,45,5.8,36.0,Red,Zaid,Nagpur,Watermelon
32.6,65.1,51.94648598179819,41,66,10,7.6,66.6,Loamy,Rabi,Pune,Blackgram
5.0,90.8,76.86500838378879,19,126,209,6.1,117.4,Loamy,Rabi,Kolkata,Apple
29.7,79.1,71.21820155354952,94,74,49,6.5,101.0,Clay,Rabi,Ahmedabad,Banana
16.7,52.5,43.42269337014926,42,72,73,5.6,42.1,Black,Rabi,Nashik,Chickpea
30.0,60.0,53.96510800520666,38,61,26,7.5,57.5,Clay,Kharif,Delhi,Mungbean
21.7,72.5,59.69116656236483,124,37,23,7.1,75.4,Loamy,Kharif,Chennai,Cotton
28.8,87.5,79.72613201719163,43,12,35,6.3,217.3,Black,Zaid,Nagpur,Coconut
28.5,93.9,85.79848195442048,112,34,42,6.4,23.6,Clay,Zaid,Nagpur,Muskmelon
25.3,26.0,13.450866863412944,19,66,16,6.0,116.2,Red,Rabi,Chennai,Kidneybeans
21.2,52.4,46.18277851615758,23,53,81,5.4,63.8,Loamy,Rabi,Pune,Chickpea
25.6,59.9,49.925328948726154,45,73,28,6.9,73.2,Black,Zaid,Hyderabad,Blackgram
29.4,94.6,82.427000639864,34,16,25,5.9,201.8,Clay,Kharif,Hyderabad,Coconut
22.9,72.4,63.35431940103568,92,29,30,6.5,121.2,Clay,Zaid,Delhi,Coffee
24.8,87.5,81.3830277946101,104,12,56,6.7,46.4,Red,Zaid,Ahmedabad,Watermelon
29.2,62.4,56.610916656731476,22,60,20,6.2,54.9,Loamy,Rabi,Delhi,Mungbean
24.4,79.6,65.96207919915616,79,41,45,6.0,219.1,Clay,Kharif,Mumbai,Rice
23.2,19.8,10.0,26,68,12,5.9,147.0,Loamy,Rabi,Bangalore,Kidneybeans
24.4,92.8,84.45639862130434,64,47,43,7.0,117.0,Red,Rabi,Ahmedabad,Papaya
25.2,90.8,80.09529811891491,37,8,37,6.8,115.4,Clay,Rabi,Nashik,Pomegranate
5.0,90.9,80.55690068524878,15,121,208,5.3,118.6,Red,Rabi,Hyderabad,Apple
26.5,71.9,65.51531066248583,51,74,18,6.6,66.2,Red,Zaid,Mumbai,Blackgram
24.1,91.7,84.94601068611327,113,25,47,6.0,34.4,Red,Zaid,Nagpur,Muskmelon
34.8,97.3,86.78411231843069,38,33,18,6.5,110.3,Black,Rabi,Mumbai,Orange
25.4,84.5,73.64282552054411,72,31,41,5.6,158.0,Clay,Kharif,Hyderabad,Jute
25.7,95.3,81.45307565752265,29,31,39,5.5,203.4,Loamy,Rabi,Mumbai,Coconut
22.1,66.1,57.46298232720993,20,79,87,6.5,42.3,Red,Rabi,Delhi,Chickpea
26.1,62.2,56.64710157114706,31,71,25,7.5,125.6,Loamy,Kharif,Bangalore,Pigeonpeas
24.6,93.0,78.65174854370542,68,55,49,7.1,192.8,Red,Kharif,Delhi,Papaya
29.3,95.2,83.09615341556702,85,18,59,5.6,29.3,Clay,Zaid,Chennai,Muskmelon
18.9,57.8,44.62054486553399,31,77,70,6.1,37.4,Clay,Rabi,Kolkata,Chickpea
24.5,61.0,54.30711143361789,18,67,15,7.1,138.5,Loamy,Zaid,Chennai,Pigeonpeas
28.7,81.9,76.17418082877415,43,134,192,6.5,67.0,Clay,Rabi,Chennai,Grapes
24.9,86.9,81.37112391110874,119,62,53,5.4,121.3,Clay,Zaid,Bangalore,Banana
23.8,62.9,53.61929970502359,106,25,34,6.6,133.3,Black,Zaid,Mumbai,Coffee
26.1,84.1,73.6100681499675,25,131,191,5.3,57.5,Red,Kharif,Chennai,Grapes
26.0,73.3,62.134537708914,62,32,35,5.5,158.7,Clay,Kharif,Ahmedabad,Jute
18.8,88.0,82.35963140880861,19,22,10,6.2,120.3,Loamy,Zaid,Delhi,Orange
26.7,93.0,79.73433556099444,18,12,28,6.6,154.8,Loamy,Kharif,Bangalore,Coconut
24.2,18.8,13.54815164333337,19,59,26,5.7,84.2,Clay,Zaid,Pune,Kidneybeans
24.8,84.5,77.43053225032861,57,48,31,6.7,183.5,Black,Kharif,Kolkata,Rice
26.5,59.1,46.633934658878665,115,11,35,7.0,186.6,Loamy,Kharif,Pune,Coffee
26.2,93.6,83.36328899102188,66,52,49,6.2,154.2,Loamy,Rabi,Delhi,Papaya
29.7,63.5,48.500942402713,44,39,22,7.0,41.9,Black,Rabi,Kolkata,Mungbean
22.5,23.1,16.902700144182482,44,84,15,6.1,91.0,Loamy,Zaid,Ahmedabad,Kidneybeans
25.3,52.2,46.9032176020072,109,50,12,6.1,89.1,Black,Kharif,Bangalore,Cotton
25.3,90.5,83.6140867183052,15,29,44,6.1,113.3,Red,Kharif,Kolkata,Pomegranate
24.2,60.5,50.07555138634889,81,59,24,7.0,100.6,Black,Kharif,Ahmedabad,Maize
27.2,65.1,55.18696524588189,38,78,28,6.8,75.6,Red,Zaid,Ahmedabad,Blackgram
25.1,76.7,67.02489832801065,117,98,51,6.5,122.8,Clay,Zaid,Bangalore,Banana
20.5,88.6,77.96216823531546,21,22,17,7.0,132.9,Loamy,Kharif,Mumbai,Orange
20.1,83.5,75.89002867912949,60,48,46,6.4,188.5,Loamy,Kharif,Nagpur,Rice
17.4,89.1,77.33584017247624,36,17,31,5.4,119.2,Clay,Zaid,Kolkata,Pomegranate
25.2,80.0,66.81989724587254,39,133,191,6.6,67.8,Loamy,Zaid,Chennai,Grapes
30.3,52.7,45.23149101161857,30,74,26,6.1,129.8,Loamy,Zaid,Nagpur,Pigeonpeas
25.7,92.1,85.28454604136829,104,9,40,6.6,31.5,Red,Zaid,Mumbai,Muskmelon
23.9,67.4,59.47334625335276,92,20,28,6.4,190.0,Red,Kharif,Ahmedabad,Coffee
17.5,55.0,48.62354957298512,23,63,26,7.1,136.6,Red,Kharif,Nagpur,Pigeonpeas
15.4,94.8,87.50930075323126,27,134,193,5.4,103.1,Loamy,Kharif,Hyderabad,Apple
24.0,87.7,75.85779756222847,118,30,47,6.1,62.2,Black,Zaid,Nashik,Watermelon
27.6,88.1,77.84499801852503,102,21,52,6.7,58.8,Loamy,Zaid,Bangalore,Watermelon
30.1,44.2,33.558076016719454,37,30,11,5.8,66.8,Black,Kharif,Delhi,Mothbeans
32.5,97.1,90.0,25,24,13,5.9,123.2,Loamy,Zaid,Mumbai,Orange
17.3,58.9,49.78777201759482,37,65,12,5.5,140.0,Clay,Kharif,Nagpur,Pigeonpeas
30.4,57.2,50.84612728688574,17,24,37,4.9,82.1,Loamy,Zaid,Mumbai,Mango
22.8,69.0,63.00096340648232,127,44,16,6.8,88.8,Loamy,Kharif,Delhi,Cotton
24.3,69.8,60.203742946284876,86,63,49,6.5,169.3,Loamy,Kharif,Pune,Jute
25.6,91.3,85.74511957099422,29,18,30,6.3,110.3,Loamy,Rabi,Nashik,Pomegranate
29.6,89.6,81.52062823057184,103,25,44,5.6,22.8,Red,Zaid,Kolkata,Muskmelon
25.0,85.8,73.16275562454594,69,53,32,5.4,184.6,Black,Kharif,Nashik,Jute
26.8,97.2,89.86698720892885,59,47,57,5.8,203.7,Red,Rabi,Mumbai,Papaya
26.9,61.5,55.11581656831786,22,54,29,7.1,41.1,Red,Zaid,Hyderabad,Mungbean
24.8,96.6,84.59276186060816,90,13,57,5.4,18.2,Loamy,Zaid,Nashik,Muskmelon
20.4,50.5,45.407872405662275,23,76,72,5.5,62.4,Red,Rabi,Ahmedabad,Chickpea
14.0,90.9,85.86666050903557,35,143,197,5.7,95.6,Loamy,Kharif,Hyderabad,Apple
9.4,95.5,84.38697248655008,24,115,204,6.3,104.2,Red,Zaid,Bangalore,Apple
25.8,96.1,89.21029949372327,19,20,43,7.1,116.2,Black,Zaid,Kolkata,Pomegranate
23.0,69.7,57.045777363907234,22,66,25,6.8,44.7,Black,Kharif,Hyderabad,Lentil
28.8,67.7,59.70991094058843,41,49,19,3.9,44.0,Clay,Kharif,Mumbai,Mothbeans
28.0,57.3,42.466372103129885,39,79,15,6.7,56.0,Loamy,Zaid,Mumbai,Blackgram
25.4,93.9,84.82241020405245,98,13,50,6.3,47.6,Black,Zaid,Nashik,Watermelon
18.7,57.5,45.39420165865351,17,75,15,7.2,116.3,Red,Zaid,Bangalore,Pigeonpeas
29.1,87.9,75.42070968371553,40,20,15,7.4,95.2,Red,Kharif,Nagpur,Orange
25.0,64.8,59.69913223431108,46,80,17,7.4,61.9,Clay,Rabi,Pune,Blackgram
17.4,43.0,29.473969722200714,41,55,22,4.7,111.1,Clay,Zaid,Bangalore,Pigeonpeas
27.8,83.7,69.77948637295943,60,47,32,6.3,224.0,Black,Kharif,Nagpur,Rice
27.9,43.0,32.53874612569504,26,64,17,5.3,56.1,Black,Kharif,Pune,Mothbeans
24.7,85.1,72.56157139005755,81,35,33,6.1,189.7,Black,Kharif,Kolkata,Rice
30.2,48.6,34.29778744735087,20,46,27,8.6,37.7,Black,Kharif,Nagpur,Mothbeans
27.3,54.1,43.92220815585959,88,53,27,5.6,73.8,Loamy,Kharif,Hyderabad,Maize
17.7,97.0,86.35288018648683,39,9,36,6.7,105.7,Black,Zaid,Mumbai,Pomegranate
27.3,77.3,64.46703706159299,85,85,44,6.0,116.1,Loamy,Rabi,Delhi,Banana
25.4,48.5,38.11521117359421,143,33,11,7.5,88.7,Loamy,Kharif,Kolkata,Cotton
22.0,79.1,68.55042971701975,29,134,198,6.0,76.9,Red,Kharif,Nashik,Grapes
25.7,80.5,66.74284512896241,123,67,40,6.0,86.7,Loamy,Zaid,Ahmedabad,Banana
23.7,87.1,73.09274771119239,30,123,197,6.7,66.7,Loamy,Rabi,Chennai,Grapes
25.0,90.2,77.55042461048508,101,11,51,6.8,36.5,Loamy,Zaid,Bangalore,Watermelon
25.1,94.3,79.57499969509718,116,18,55,6.4,21.5,Red,Zaid,Delhi,Muskmelon
25.9,67.5,56.1415111879554,93,41,37,7.1,182.5,Red,Kharif,Nashik,Jute
30.8,48.6,33.777111133399174,30,17,37,5.0,95.7,Loamy,Zaid,Mumbai,Mango
23.1,83.8,78.71462553393062,79,45,39,6.6,141.8,Red,Kharif,Hyderabad,Jute
29.6,89.0,79.54637266928707,119,11,49,5.7,34.0,Red,Zaid,Mumbai,Muskmelon
23.8,85.6,78.15807267709691,36,23,46,5.5,99.7,Loamy,Rabi,Chennai,Pomegranate
17.1,58.8,49.84866249095369,40,69,82,6.5,25.5,Clay,Rabi,Hyderabad,Chickpea
34.8,57.1,44.07919572660124,41,29,33,4.7,106.5,Loamy,Rabi,Nashik,Mango
25.2,47.4,36.39646605108251,98,16,38,6.7,127.2,Clay,Kharif,Mumbai,Coffee
27.3,88.8,83.67762820563387,17,26,33,5.4,202.2,Loamy,Zaid,Pune,Coconut
33.7,47.6,41.799601821177866,18,23,27,4.6,89.4,Red,Zaid,Kolkata,Mango
17.7,26.8,19.013875286910935,36,81,14,6.0,112.1,Black,Kharif,Hyderabad,Kidneybeans
27.9,88.4,76.2463413492672,116,8,51,5.5,24.5,Red,Zaid,Pune,Muskmelon
8.0,94.4,85.99645913731658,40,138,199,5.3,124.2,Loamy,Kharif,Hyderabad,Apple
21.6,32.6,18.370679730958305,30,65,12,5.7,74.7,Loamy,Zaid,Delhi,Kidneybeans
24.8,87.3,81.62964523949464,68,58,33,6.8,181.0,Clay,Kharif,Chennai,Rice
25.3,56.3,45.47614278660767,67,60,29,6.6,91.7,Loamy,Kharif,Pune,Maize
26.1,73.4,60.02678043047288,80,50,39,5.5,176.4,Clay,Kharif,Hyderabad,Jute
22.4,31.8,20.02340098843603,37,64,17,5.8,142.8,Clay,Zaid,Ahmedabad,Kidneybeans
24.0,81.8,74.11204379086688,92,59,30,5.6,156.7,Black,Kharif,Chennai,Jute
29.6,86.5,77.15932575367276,19,148,200,6.6,66.4,Loamy,Rabi,Nagpur,Grapes
27.5,89.0,80.48888502346048,86,27,55,5.8,65.0,Red,Zaid,Kolkata,Watermelon
26.2,93.9,84.68710277408393,114,23,41,6.6,22.6,Loamy,Zaid,Nashik,Muskmelon
26.2,82.4,69.99007168168136,116,81,43,5.9,97.6,Clay,Rabi,Kolkata,Banana
26.5,54.3,40.45655611658323,117,18,34,6.4,144.7,Red,Rabi,Pune,Coffee
27.0,65.1,51.81107795348015,38,32,11,7.8,55.3,Red,Rabi,Bangalore,Mothbeans
22.7,70.1,62.665262264674624,98,33,25,7.7,73.7,Loamy,Kharif,Mumbai,Cotton
23.9,72.0,61.53261457110193,19,60,11,6.5,32.1,Black,Rabi,Hyderabad,Lentil
27.7,57.5,48.33250428618116,28,30,22,6.6,53.0,Loamy,Rabi,Kolkata,Mungbean
14.2,95.2,85.67663786781372,35,22,19,6.6,106.6,Black,Rabi,Pune,Orange
25.0,92.2,86.20370959880375,59,50,58,5.9,192.3,Clay,Zaid,Delhi,Papaya
19.4,87.7,74.26376314003761,36,22,33,5.9,96.0,Red,Zaid,Delhi,Pomegranate
5.0,88.6,83.21980627810638,42,128,196,6.4,101.2,Clay,Zaid,Nagpur,Apple
24.8,73.3,62.09498951631813,80,56,31,5.9,141.8,Red,Kharif,Chennai,Jute
26.7,83.4,74.39400108364006,66,51,45,7.0,193.0,Red,Kharif,Delhi,Rice
21.3,59.2,52.77287263755975,134,63,11,6.8,90.1,Red,Kharif,Delhi,Cotton
26.5,63.3,55.559433709877624,60,81,21,7.6,76.8,Black,Rabi,Mumbai,Blackgram
32.5,64.1,58.068344127959065,61,64,13,7.3,69.4,Black,Rabi,Delhi,Blackgram
24.1,87.8,74.25771853043732,20,32,38,6.8,104.9,Black,Zaid,Ahmedabad,Pomegranate
35.0,52.0,42.34085764501538,31,14,33,5.1,105.5,Loamy,Zaid,Nagpur,Mango
26.1,96.7,89.0942883775284,92,8,52,6.7,47.0,Clay,Zaid,Ahmedabad,Watermelon
28.0,96.8,83.17965932531754,39,31,25,5.7,163.8,Loamy,Rabi,Nashik,Coconut
18.1,90.9,76.32957730480646,26,26,41,6.2,106.6,Clay,Zaid,Kolkata,Pomegranate
26.0,89.2,81.59535519500088,65,57,41,6.9,128.2,Loamy,Rabi,Bangalore,Papaya
17.7,24.3,15.036051397740778,28,71,11,5.3,94.5,Clay,Zaid,Nagpur,Kidneybeans
25.5,95.0,87.07772631306995,93,19,59,6.4,60.1,Black,Zaid,Chennai,Watermelon
34.4,47.8,33.96678041475943,29,12,29,4.5,82.6,Loamy,Kharif,Ahmedabad,Mango
30.4,55.9,45.64449295843872,42,74,11,5.5,91.4,Clay,Zaid,Pune,Pigeonpeas
14.1,91.6,86.34798693129588,26,16,6,7.4,108.2,Clay,Zaid,Delhi,Orange
24.5,87.3,73.74453383106952,56,68,56,6.1,181.2,Black,Zaid,Hyderabad,Papaya
27.4,61.3,49.44820240791039,91,33,21,6.3,176.7,Black,Zaid,Chennai,Coffee
31.3,61.4,52.00109345307957,38,55,22,7.6,78.4,Loamy,Rabi,Pune,Blackgram
20.7,85.1,76.42114920884065,19,127,209,6.2,67.3,Loamy,Kharif,Kolkata,Grapes
26.9,84.3,72.36691940211118,111,86,41,6.4,97.0,Clay,Kharif,Bangalore,Banana
18.3,64.5,56.87653918055657,61,32,26,5.7,72.0,Red,Kharif,Nagpur,Maize
19.9,49.4,35.55310217331498,23,62,87,6.3,26.2,Loamy,Rabi,Hyderabad,Chickpea
5.0,88.1,74.08202993514405,25,134,201,5.5,98.2,Black,Zaid,Kolkata,Apple
23.7,58.6,50.76716544115482,119,26,30,6.6,151.9,Clay,Kharif,Delhi,Coffee
26.1,57.9,47.89902452682216,32,30,23,5.7,108.4,Loamy,Kharif,Hyderabad,Mango
19.7,94.0,81.8119765742112,18,23,49,5.6,116.4,Red,Kharif,Bangalore,Pomegranate
24.6,82.8,74.37391835139017,110,89,43,6.1,108.6,Clay,Rabi,Kolkata,Banana
20.3,95.0,82.83049232984492,27,13,10,6.2,110.0,Red,Kharif,Hyderabad,Orange
25.9,94.4,79.41531795960891,116,8,45,6.7,40.4,Clay,Zaid,Mumbai,Watermelon
22.3,48.8,41.35543882252329,103,27,36,6.5,181.9,Loamy,Zaid,Pune,Coffee
26.0,54.2,41.89165548663145,44,33,15,4.8,70.8,Black,Kharif,Pune,Mothbeans
26.2,94.7,85.54477148730402,102,11,50,5.4,20.4,Red,Zaid,Kolkata,Muskmelon
23.7,88.0,75.41793378407347,24,137,202,6.7,59.9,Loamy,Rabi,Kolkata,Grapes
24.5,96.0,84.61513627827925,107,30,48,6.1,18.7,Red,Zaid,Delhi,Muskmelon
30.5,64.1,55.77888445789811,27,62,16,7.0,59.8,Clay,Rabi,Hyderabad,Mungbean
26.5,53.1,38.532850484080356,20,63,28,5.2,39.4,Clay,Rabi,Ahmedabad,Mothbeans
29.1,79.6,69.13462351369623,124,68,45,5.6,104.6,Clay,Rabi,Chennai,Banana
22.2,87.9,80.74741816488832,23,145,206,5.6,66.0,Red,Zaid,Mumbai,Grapes
26.8,67.2,54.447349265374825,69,42,38,5.8,165.6,Red,Kharif,Nashik,Jute
26.7,89.4,80.35998645631787,116,15,52,6.8,58.9,Clay,Zaid,Kolkata,Watermelon
16.6,32.4,26.125820959587152,40,50,11,6.0,91.5,Clay,Kharif,Bangalore,Kidneybeans
25.5,66.6,56.26413513000033,18,82,14,6.4,54.5,Red,Kharif,Kolkata,Lentil
27.3,58.4,46.35229634911191,94,32,30,5.9,182.3,Clay,Zaid,Nagpur,Coffee
22.5,85.0,77.85150436185016,67,30,46,6.9,214.1,Black,Kharif,Hyderabad,Rice
25.2,65.3,53.42020804064438,95,60,11,6.1,69.3,Loamy,Kharif,Nagpur,Cotton
11.8,90.7,82.38371731659105,27,131,208,6.7,96.3,Black,Zaid,Pune,Apple
27.0,52.2,45.2448875321988,128,58,20,5.8,57.1,Loamy,Kharif,Bangalore,Cotton
11.3,94.2,85.6077257469373,28,12,5,6.9,121.5,Red,Kharif,Mumbai,Orange
30.4,50.0,39.583136552628034,27,84,16,4.5,87.3,Clay,Kharif,Bangalore,Pigeonpeas
25.7,73.8,67.35152020165648,123,75,40,5.8,95.6,Clay,Zaid,Bangalore,Banana
20.7,28.0,13.1694882297727,15,58,14,6.2,125.8,Red,Kharif,Ahmedabad,Kidneybeans
30.7,87.7,78.1165714419466,31,6,15,6.6,124.7,Clay,Kharif,Nashik,Orange
26.0,97.9,84.54041101617608,85,25,55,5.6,22.9,Clay,Zaid,Nagpur,Muskmelon
25.3,85.5,76.16452970190599,123,95,58,5.6,93.0,Black,Kharif,Nashik,Banana
26.0,96.7,90.0,105,9,47,6.9,43.3,Red,Zaid,Mumbai,Watermelon
14.0,97.4,87.58567975438214,35,116,208,6.7,96.8,Black,Rabi,Kolkata,Apple
21.0,80.0,71.6384183081278,83,50,32,7.1,192.6,Black,Kharif,Delhi,Rice
31.8,59.6,54.58990100436602,47,83,26,7.7,62.2,Loamy,Zaid,Delhi,Blackgram
28.8,60.4,53.9271741969142,29,43,10,5.9,30.2,Loamy,Zaid,Kolkata,Mothbeans
19.4,61.2,56.046745728588824,17,80,14,5.5,31.2,Red,Rabi,Nashik,Lentil
17.8,25.8,14.446118418193343,24,83,12,6.1,122.6,Loamy,Zaid,Mumbai,Kidneybeans
33.4,45.0,33.960683884261115,34,15,25,5.9,101.0,Loamy,Kharif,Pune,Mango
14.0,93.2,87.54944400508461,16,5,15,7.4,120.6,Loamy,Zaid,Ahmedabad,Orange
30.0,52.3,38.00277272934762,37,51,12,5.5,97.1,Black,Kharif,Mumbai,Pigeonpeas
25.5,52.0,46.913898215603,88,64,11,7.1,63.1,Loamy,Kharif,Nagpur,Maize
15.5,21.4,10.0,17,74,14,5.6,64.4,Red,Rabi,Nagpur,Kidneybeans
29.0,64.6,52.22912584255025,32,56,28,6.0,55.4,Red,Zaid,Ahmedabad,Mungbean
29.9,67.9,57.87897460200548,24,44,27,6.1,56.2,Black,Zaid,Chennai,Mungbean
27.2,57.0,44.94574469364461,104,32,23,6.6,188.4,Black,Kharif,Nagpur,Coffee
21.8,92.8,86.02299872868191,22,32,36,5.7,111.9,Red,Zaid,Kolkata,Pomegranate
14.1,19.5,10.0,34,80,15,5.5,143.6,Loamy,Kharif,Nagpur,Kidneybeans
23.2,94.5,80.2612507193653,103,23,44,7.2,63.5,Red,Zaid,Pune,Watermelon
27.1,95.5,85.98060101263144,44,69,54,6.5,152.5,Loamy,Rabi,Delhi,Papaya
27.0,84.0,77.78099986908487,120,77,47,5.7,117.4,Black,Rabi,Ahmedabad,Banana
29.7,51.6,41.49382151328782,19,50,26,6.4,141.7,Clay,Kharif,Bangalore,Pigeonpeas
28.7,58.0,44.45005064327893,33,51,23,5.9,52.2,Black,Zaid,Ahmedabad,Lentil
17.3,59.5,53.24658188391549,25,82,16,5.7,40.8,Black,Kharif,Kolkata,Lentil
23.6,89.7,77.68573239957024,41,20,13,7.5,98.4,Loamy,Kharif,Delhi,Orange
25.4,94.3,86.22167479658677,63,61,50,6.1,201.0,Loamy,Kharif,Hyderabad,Papaya
18.9,73.0,65.0660985672158,94,62,15,6.9,97.8,Red,Kharif,Chennai,Maize
23.7,85.5,70.57960654968717,34,140,207,6.1,65.6,Red,Rabi,Ahmedabad,Grapes
25.8,89.7,78.17840250081701,122,33,42,6.2,42.1,Loamy,Zaid,Pune,Watermelon
19.3,71.6,60.15928101628576,28,83,82,5.9,56.5,Black,Rabi,Nashik,Chickpea
27.7,83.0,72.23827438354833,38,128,191,6.0,58.8,Red,Rabi,Nashik,Grapes
28.3,79.4,67.70486767046788,116,98,49,6.4,101.3,Clay,Rabi,Mumbai,Banana
26.3,96.4,86.6531075902987,16,11,25,6.1,206.4,Loamy,Kharif,Pune,Coconut
21.0,56.0,44.55898059773229,44,71,83,5.7,55.4,Red,Rabi,Ahmedabad,Chickpea
27.1,92.7,78.69030596156314,94,16,41,6.4,53.2,Red,Zaid,Ahmedabad,Watermelon
23.6,84.3,74.65050562939331,85,64,36,7.0,140.0,Clay,Kharif,Hyderabad,Jute
25.8,53.1,43.39513998533732,95,53,19,5.9,65.5,Black,Kharif,Pune,Cotton
25.1,27.6,21.58165188469862,31,74,17,5.5,105.6,Clay,Zaid,Chennai,Kidneybeans
